change_vs_0.4.4,path_at_917c53b,scope,first_bridge_commit,author_date,first_subject,last_commit,last_author_date,last_subject
A,.dockerignore,build/release,c980a75,2026-09-12T11:02:06+08:00,Prepare v0.5.0-rc.1 SDK bridge candidate and migration safeguards,c980a75,2026-09-12T11:02:06+08:00,Prepare v0.5.0-rc.1 SDK bridge candidate and migration safeguards
A,.github/workflows/bridge-ci.yml,build/release,c980a75,2026-09-12T11:02:06+08:00,Prepare v0.5.0-rc.1 SDK bridge candidate and migration safeguards,c529f8d,2026-09-12T11:18:53+08:00,Keep release output directory writable by the CI runner
M,.github/workflows/release.yml,build/release,c980a75,2026-09-12T11:02:06+08:00,Prepare v0.5.0-rc.1 SDK bridge candidate and migration safeguards,c529f8d,2026-09-12T11:18:53+08:00,Keep release output directory writable by the CI runner
M,CHANGELOG.md,build/release,c980a75,2026-09-12T11:02:06+08:00,Prepare v0.5.0-rc.1 SDK bridge candidate and migration safeguards,917c53b,2026-09-12T12:06:33+08:00,Align upgrade package and on-chain plan with version 0.5.0
M,Dockerfile,build/release,c980a75,2026-09-12T11:02:06+08:00,Prepare v0.5.0-rc.1 SDK bridge candidate and migration safeguards,c980a75,2026-09-12T11:02:06+08:00,Prepare v0.5.0-rc.1 SDK bridge candidate and migration safeguards
A,VERSION,build/release,c980a75,2026-09-12T11:02:06+08:00,Prepare v0.5.0-rc.1 SDK bridge candidate and migration safeguards,c980a75,2026-09-12T11:02:06+08:00,Prepare v0.5.0-rc.1 SDK bridge candidate and migration safeguards
M,app/ante.go,node/CLI,6d03e3b,2026-08-13T19:00:55+08:00,feat: add sdk v0.53 upgrade bridge,6d03e3b,2026-08-13T19:00:55+08:00,feat: add sdk v0.53 upgrade bridge
M,app/app.go,node/CLI,6d03e3b,2026-08-13T19:00:55+08:00,feat: add sdk v0.53 upgrade bridge,917c53b,2026-09-12T12:06:33+08:00,Align upgrade package and on-chain plan with version 0.5.0
M,app/encoding.go,node/CLI,6d03e3b,2026-08-13T19:00:55+08:00,feat: add sdk v0.53 upgrade bridge,6d03e3b,2026-08-13T19:00:55+08:00,feat: add sdk v0.53 upgrade bridge
M,app/export.go,node/CLI,6d03e3b,2026-08-13T19:00:55+08:00,feat: add sdk v0.53 upgrade bridge,6d03e3b,2026-08-13T19:00:55+08:00,feat: add sdk v0.53 upgrade bridge
A,app/module_basics.go,node/CLI,6d03e3b,2026-08-13T19:00:55+08:00,feat: add sdk v0.53 upgrade bridge,c980a75,2026-09-12T11:02:06+08:00,Prepare v0.5.0-rc.1 SDK bridge candidate and migration safeguards
A,app/proposal.go,node/CLI,6d03e3b,2026-08-13T19:00:55+08:00,feat: add sdk v0.53 upgrade bridge,6d03e3b,2026-08-13T19:00:55+08:00,feat: add sdk v0.53 upgrade bridge
A,app/proposal_test.go,tests,6d03e3b,2026-08-13T19:00:55+08:00,feat: add sdk v0.53 upgrade bridge,c980a75,2026-09-12T11:02:06+08:00,Prepare v0.5.0-rc.1 SDK bridge candidate and migration safeguards
M,app/simulation_test.go,tests,6d03e3b,2026-08-13T19:00:55+08:00,feat: add sdk v0.53 upgrade bridge,c980a75,2026-09-12T11:02:06+08:00,Prepare v0.5.0-rc.1 SDK bridge candidate and migration safeguards
A,app/upgrade_name_test.go,tests,917c53b,2026-09-12T12:06:33+08:00,Align upgrade package and on-chain plan with version 0.5.0,917c53b,2026-09-12T12:06:33+08:00,Align upgrade package and on-chain plan with version 0.5.0
M,app/upgrades/v0_4_0/constants.go,node/CLI,6d03e3b,2026-08-13T19:00:55+08:00,feat: add sdk v0.53 upgrade bridge,6d03e3b,2026-08-13T19:00:55+08:00,feat: add sdk v0.53 upgrade bridge
M,app/upgrades/v0_4_2/constants.go,node/CLI,6d03e3b,2026-08-13T19:00:55+08:00,feat: add sdk v0.53 upgrade bridge,6d03e3b,2026-08-13T19:00:55+08:00,feat: add sdk v0.53 upgrade bridge
M,app/upgrades/v0_4_3/constants.go,node/CLI,6d03e3b,2026-08-13T19:00:55+08:00,feat: add sdk v0.53 upgrade bridge,6d03e3b,2026-08-13T19:00:55+08:00,feat: add sdk v0.53 upgrade bridge
M,app/upgrades/v0_4_4/constants.go,node/CLI,6d03e3b,2026-08-13T19:00:55+08:00,feat: add sdk v0.53 upgrade bridge,6d03e3b,2026-08-13T19:00:55+08:00,feat: add sdk v0.53 upgrade bridge
A,app/upgrades/v0_5_0/constants.go,node/CLI,917c53b,2026-09-12T12:06:33+08:00,Align upgrade package and on-chain plan with version 0.5.0,917c53b,2026-09-12T12:06:33+08:00,Align upgrade package and on-chain plan with version 0.5.0
A,app/upgrades/v0_5_0/legacy_consensus.go,node/CLI,6d03e3b,2026-08-13T19:00:55+08:00,feat: add sdk v0.53 upgrade bridge,917c53b,2026-09-12T12:06:33+08:00,Align upgrade package and on-chain plan with version 0.5.0
A,app/upgrades/v0_5_0/legacy_consensus_test.go,tests,6d03e3b,2026-08-13T19:00:55+08:00,feat: add sdk v0.53 upgrade bridge,917c53b,2026-09-12T12:06:33+08:00,Align upgrade package and on-chain plan with version 0.5.0
A,app/upgrades/v0_5_0/legacy_empty_iavl.go,node/CLI,6d03e3b,2026-08-13T19:00:55+08:00,feat: add sdk v0.53 upgrade bridge,917c53b,2026-09-12T12:06:33+08:00,Align upgrade package and on-chain plan with version 0.5.0
A,app/upgrades/v0_5_0/legacy_empty_iavl_test.go,tests,6d03e3b,2026-08-13T19:00:55+08:00,feat: add sdk v0.53 upgrade bridge,917c53b,2026-09-12T12:06:33+08:00,Align upgrade package and on-chain plan with version 0.5.0
A,app/upgrades/v0_5_0/preflight.go,node/CLI,c980a75,2026-09-12T11:02:06+08:00,Prepare v0.5.0-rc.1 SDK bridge candidate and migration safeguards,917c53b,2026-09-12T12:06:33+08:00,Align upgrade package and on-chain plan with version 0.5.0
A,app/upgrades/v0_5_0/preflight_test.go,tests,c980a75,2026-09-12T11:02:06+08:00,Prepare v0.5.0-rc.1 SDK bridge candidate and migration safeguards,917c53b,2026-09-12T12:06:33+08:00,Align upgrade package and on-chain plan with version 0.5.0
M,cmd/dorad/cmd/config.go,node/CLI,6d03e3b,2026-08-13T19:00:55+08:00,feat: add sdk v0.53 upgrade bridge,c980a75,2026-09-12T11:02:06+08:00,Prepare v0.5.0-rc.1 SDK bridge candidate and migration safeguards
A,cmd/dorad/cmd/config_test.go,tests,c980a75,2026-09-12T11:02:06+08:00,Prepare v0.5.0-rc.1 SDK bridge candidate and migration safeguards,c980a75,2026-09-12T11:02:06+08:00,Prepare v0.5.0-rc.1 SDK bridge candidate and migration safeguards
M,cmd/dorad/cmd/genaccounts.go,node/CLI,6d03e3b,2026-08-13T19:00:55+08:00,feat: add sdk v0.53 upgrade bridge,6d03e3b,2026-08-13T19:00:55+08:00,feat: add sdk v0.53 upgrade bridge
M,cmd/dorad/cmd/root.go,node/CLI,6d03e3b,2026-08-13T19:00:55+08:00,feat: add sdk v0.53 upgrade bridge,917c53b,2026-09-12T12:06:33+08:00,Align upgrade package and on-chain plan with version 0.5.0
M,cmd/dorad/main.go,node/CLI,6d03e3b,2026-08-13T19:00:55+08:00,feat: add sdk v0.53 upgrade bridge,6d03e3b,2026-08-13T19:00:55+08:00,feat: add sdk v0.53 upgrade bridge
A,cmd/store-compare/main.go,offline tools,c980a75,2026-09-12T11:02:06+08:00,Prepare v0.5.0-rc.1 SDK bridge candidate and migration safeguards,917c53b,2026-09-12T12:06:33+08:00,Align upgrade package and on-chain plan with version 0.5.0
A,cmd/store-report/main.go,offline tools,c980a75,2026-09-12T11:02:06+08:00,Prepare v0.5.0-rc.1 SDK bridge candidate and migration safeguards,c980a75,2026-09-12T11:02:06+08:00,Prepare v0.5.0-rc.1 SDK bridge candidate and migration safeguards
A,docs/security/fixes-2026-09-11/full-tests.log,evidence/docs,c980a75,2026-09-12T11:02:06+08:00,Prepare v0.5.0-rc.1 SDK bridge candidate and migration safeguards,c980a75,2026-09-12T11:02:06+08:00,Prepare v0.5.0-rc.1 SDK bridge candidate and migration safeguards
A,docs/security/fixes-2026-09-11/iavl-tests.log,evidence/docs,c980a75,2026-09-12T11:02:06+08:00,Prepare v0.5.0-rc.1 SDK bridge candidate and migration safeguards,c980a75,2026-09-12T11:02:06+08:00,Prepare v0.5.0-rc.1 SDK bridge candidate and migration safeguards
A,docs/security/fixes-2026-09-11/simulation-tests.log,evidence/docs,c980a75,2026-09-12T11:02:06+08:00,Prepare v0.5.0-rc.1 SDK bridge candidate and migration safeguards,c980a75,2026-09-12T11:02:06+08:00,Prepare v0.5.0-rc.1 SDK bridge candidate and migration safeguards
A,docs/security/mainnet-store-check-17236364/anchor-block.json,evidence/docs,c980a75,2026-09-12T11:02:06+08:00,Prepare v0.5.0-rc.1 SDK bridge candidate and migration safeguards,c980a75,2026-09-12T11:02:06+08:00,Prepare v0.5.0-rc.1 SDK bridge candidate and migration safeguards
A,docs/security/mainnet-store-check-17236364/cap-index.json,evidence/docs,c980a75,2026-09-12T11:02:06+08:00,Prepare v0.5.0-rc.1 SDK bridge candidate and migration safeguards,c980a75,2026-09-12T11:02:06+08:00,Prepare v0.5.0-rc.1 SDK bridge candidate and migration safeguards
A,docs/security/mainnet-store-check-17236364/cap-owner-1.json,evidence/docs,c980a75,2026-09-12T11:02:06+08:00,Prepare v0.5.0-rc.1 SDK bridge candidate and migration safeguards,c980a75,2026-09-12T11:02:06+08:00,Prepare v0.5.0-rc.1 SDK bridge candidate and migration safeguards
A,docs/security/mainnet-store-check-17236364/cap-owner-10.json,evidence/docs,c980a75,2026-09-12T11:02:06+08:00,Prepare v0.5.0-rc.1 SDK bridge candidate and migration safeguards,c980a75,2026-09-12T11:02:06+08:00,Prepare v0.5.0-rc.1 SDK bridge candidate and migration safeguards
A,docs/security/mainnet-store-check-17236364/cap-owner-11.json,evidence/docs,c980a75,2026-09-12T11:02:06+08:00,Prepare v0.5.0-rc.1 SDK bridge candidate and migration safeguards,c980a75,2026-09-12T11:02:06+08:00,Prepare v0.5.0-rc.1 SDK bridge candidate and migration safeguards
A,docs/security/mainnet-store-check-17236364/cap-owner-12.json,evidence/docs,c980a75,2026-09-12T11:02:06+08:00,Prepare v0.5.0-rc.1 SDK bridge candidate and migration safeguards,c980a75,2026-09-12T11:02:06+08:00,Prepare v0.5.0-rc.1 SDK bridge candidate and migration safeguards
A,docs/security/mainnet-store-check-17236364/cap-owner-13.json,evidence/docs,c980a75,2026-09-12T11:02:06+08:00,Prepare v0.5.0-rc.1 SDK bridge candidate and migration safeguards,c980a75,2026-09-12T11:02:06+08:00,Prepare v0.5.0-rc.1 SDK bridge candidate and migration safeguards
A,docs/security/mainnet-store-check-17236364/cap-owner-14.json,evidence/docs,c980a75,2026-09-12T11:02:06+08:00,Prepare v0.5.0-rc.1 SDK bridge candidate and migration safeguards,c980a75,2026-09-12T11:02:06+08:00,Prepare v0.5.0-rc.1 SDK bridge candidate and migration safeguards
A,docs/security/mainnet-store-check-17236364/cap-owner-15.json,evidence/docs,c980a75,2026-09-12T11:02:06+08:00,Prepare v0.5.0-rc.1 SDK bridge candidate and migration safeguards,c980a75,2026-09-12T11:02:06+08:00,Prepare v0.5.0-rc.1 SDK bridge candidate and migration safeguards
A,docs/security/mainnet-store-check-17236364/cap-owner-16.json,evidence/docs,c980a75,2026-09-12T11:02:06+08:00,Prepare v0.5.0-rc.1 SDK bridge candidate and migration safeguards,c980a75,2026-09-12T11:02:06+08:00,Prepare v0.5.0-rc.1 SDK bridge candidate and migration safeguards
A,docs/security/mainnet-store-check-17236364/cap-owner-17.json,evidence/docs,c980a75,2026-09-12T11:02:06+08:00,Prepare v0.5.0-rc.1 SDK bridge candidate and migration safeguards,c980a75,2026-09-12T11:02:06+08:00,Prepare v0.5.0-rc.1 SDK bridge candidate and migration safeguards
A,docs/security/mainnet-store-check-17236364/cap-owner-18.json,evidence/docs,c980a75,2026-09-12T11:02:06+08:00,Prepare v0.5.0-rc.1 SDK bridge candidate and migration safeguards,c980a75,2026-09-12T11:02:06+08:00,Prepare v0.5.0-rc.1 SDK bridge candidate and migration safeguards
A,docs/security/mainnet-store-check-17236364/cap-owner-19.json,evidence/docs,c980a75,2026-09-12T11:02:06+08:00,Prepare v0.5.0-rc.1 SDK bridge candidate and migration safeguards,c980a75,2026-09-12T11:02:06+08:00,Prepare v0.5.0-rc.1 SDK bridge candidate and migration safeguards
A,docs/security/mainnet-store-check-17236364/cap-owner-2.json,evidence/docs,c980a75,2026-09-12T11:02:06+08:00,Prepare v0.5.0-rc.1 SDK bridge candidate and migration safeguards,c980a75,2026-09-12T11:02:06+08:00,Prepare v0.5.0-rc.1 SDK bridge candidate and migration safeguards
A,docs/security/mainnet-store-check-17236364/cap-owner-20.json,evidence/docs,c980a75,2026-09-12T11:02:06+08:00,Prepare v0.5.0-rc.1 SDK bridge candidate and migration safeguards,c980a75,2026-09-12T11:02:06+08:00,Prepare v0.5.0-rc.1 SDK bridge candidate and migration safeguards
A,docs/security/mainnet-store-check-17236364/cap-owner-21.json,evidence/docs,c980a75,2026-09-12T11:02:06+08:00,Prepare v0.5.0-rc.1 SDK bridge candidate and migration safeguards,c980a75,2026-09-12T11:02:06+08:00,Prepare v0.5.0-rc.1 SDK bridge candidate and migration safeguards
A,docs/security/mainnet-store-check-17236364/cap-owner-3.json,evidence/docs,c980a75,2026-09-12T11:02:06+08:00,Prepare v0.5.0-rc.1 SDK bridge candidate and migration safeguards,c980a75,2026-09-12T11:02:06+08:00,Prepare v0.5.0-rc.1 SDK bridge candidate and migration safeguards
A,docs/security/mainnet-store-check-17236364/cap-owner-4.json,evidence/docs,c980a75,2026-09-12T11:02:06+08:00,Prepare v0.5.0-rc.1 SDK bridge candidate and migration safeguards,c980a75,2026-09-12T11:02:06+08:00,Prepare v0.5.0-rc.1 SDK bridge candidate and migration safeguards
A,docs/security/mainnet-store-check-17236364/cap-owner-5.json,evidence/docs,c980a75,2026-09-12T11:02:06+08:00,Prepare v0.5.0-rc.1 SDK bridge candidate and migration safeguards,c980a75,2026-09-12T11:02:06+08:00,Prepare v0.5.0-rc.1 SDK bridge candidate and migration safeguards
A,docs/security/mainnet-store-check-17236364/cap-owner-6.json,evidence/docs,c980a75,2026-09-12T11:02:06+08:00,Prepare v0.5.0-rc.1 SDK bridge candidate and migration safeguards,c980a75,2026-09-12T11:02:06+08:00,Prepare v0.5.0-rc.1 SDK bridge candidate and migration safeguards
A,docs/security/mainnet-store-check-17236364/cap-owner-7.json,evidence/docs,c980a75,2026-09-12T11:02:06+08:00,Prepare v0.5.0-rc.1 SDK bridge candidate and migration safeguards,c980a75,2026-09-12T11:02:06+08:00,Prepare v0.5.0-rc.1 SDK bridge candidate and migration safeguards
A,docs/security/mainnet-store-check-17236364/cap-owner-8.json,evidence/docs,c980a75,2026-09-12T11:02:06+08:00,Prepare v0.5.0-rc.1 SDK bridge candidate and migration safeguards,c980a75,2026-09-12T11:02:06+08:00,Prepare v0.5.0-rc.1 SDK bridge candidate and migration safeguards
A,docs/security/mainnet-store-check-17236364/cap-owner-9.json,evidence/docs,c980a75,2026-09-12T11:02:06+08:00,Prepare v0.5.0-rc.1 SDK bridge candidate and migration safeguards,c980a75,2026-09-12T11:02:06+08:00,Prepare v0.5.0-rc.1 SDK bridge candidate and migration safeguards
A,docs/security/mainnet-store-check-17236364/cap-owners-scan.json,evidence/docs,c980a75,2026-09-12T11:02:06+08:00,Prepare v0.5.0-rc.1 SDK bridge candidate and migration safeguards,c980a75,2026-09-12T11:02:06+08:00,Prepare v0.5.0-rc.1 SDK bridge candidate and migration safeguards
A,docs/security/mainnet-store-check-17236364/cap.py,evidence/docs,c980a75,2026-09-12T11:02:06+08:00,Prepare v0.5.0-rc.1 SDK bridge candidate and migration safeguards,c980a75,2026-09-12T11:02:06+08:00,Prepare v0.5.0-rc.1 SDK bridge candidate and migration safeguards
A,docs/security/mainnet-store-check-17236364/capabilities-decoded.json,evidence/docs,c980a75,2026-09-12T11:02:06+08:00,Prepare v0.5.0-rc.1 SDK bridge candidate and migration safeguards,c980a75,2026-09-12T11:02:06+08:00,Prepare v0.5.0-rc.1 SDK bridge candidate and migration safeguards
A,docs/security/mainnet-store-check-17236364/channels-decoded.json,evidence/docs,c980a75,2026-09-12T11:02:06+08:00,Prepare v0.5.0-rc.1 SDK bridge candidate and migration safeguards,c980a75,2026-09-12T11:02:06+08:00,Prepare v0.5.0-rc.1 SDK bridge candidate and migration safeguards
A,docs/security/mainnet-store-check-17236364/check.py,evidence/docs,c980a75,2026-09-12T11:02:06+08:00,Prepare v0.5.0-rc.1 SDK bridge candidate and migration safeguards,c980a75,2026-09-12T11:02:06+08:00,Prepare v0.5.0-rc.1 SDK bridge candidate and migration safeguards
A,docs/security/mainnet-store-check-17236364/fee-account.json,evidence/docs,c980a75,2026-09-12T11:02:06+08:00,Prepare v0.5.0-rc.1 SDK bridge candidate and migration safeguards,c980a75,2026-09-12T11:02:06+08:00,Prepare v0.5.0-rc.1 SDK bridge candidate and migration safeguards
A,docs/security/mainnet-store-check-17236364/fee-balance.json,evidence/docs,c980a75,2026-09-12T11:02:06+08:00,Prepare v0.5.0-rc.1 SDK bridge candidate and migration safeguards,c980a75,2026-09-12T11:02:06+08:00,Prepare v0.5.0-rc.1 SDK bridge candidate and migration safeguards
A,docs/security/mainnet-store-check-17236364/fee-channels.json,evidence/docs,c980a75,2026-09-12T11:02:06+08:00,Prepare v0.5.0-rc.1 SDK bridge candidate and migration safeguards,c980a75,2026-09-12T11:02:06+08:00,Prepare v0.5.0-rc.1 SDK bridge candidate and migration safeguards
A,docs/security/mainnet-store-check-17236364/fee-locked.json,evidence/docs,c980a75,2026-09-12T11:02:06+08:00,Prepare v0.5.0-rc.1 SDK bridge candidate and migration safeguards,c980a75,2026-09-12T11:02:06+08:00,Prepare v0.5.0-rc.1 SDK bridge candidate and migration safeguards
A,docs/security/mainnet-store-check-17236364/fee-packets.json,evidence/docs,c980a75,2026-09-12T11:02:06+08:00,Prepare v0.5.0-rc.1 SDK bridge candidate and migration safeguards,c980a75,2026-09-12T11:02:06+08:00,Prepare v0.5.0-rc.1 SDK bridge candidate and migration safeguards
A,docs/security/mainnet-store-check-17236364/ibc-channels.json,evidence/docs,c980a75,2026-09-12T11:02:06+08:00,Prepare v0.5.0-rc.1 SDK bridge candidate and migration safeguards,c980a75,2026-09-12T11:02:06+08:00,Prepare v0.5.0-rc.1 SDK bridge candidate and migration safeguards
A,docs/security/mainnet-store-check-17236364/initial-status.json,evidence/docs,c980a75,2026-09-12T11:02:06+08:00,Prepare v0.5.0-rc.1 SDK bridge candidate and migration safeguards,c980a75,2026-09-12T11:02:06+08:00,Prepare v0.5.0-rc.1 SDK bridge candidate and migration safeguards
A,docs/security/mainnet-store-check-17236364/more.py,evidence/docs,c980a75,2026-09-12T11:02:06+08:00,Prepare v0.5.0-rc.1 SDK bridge candidate and migration safeguards,c980a75,2026-09-12T11:02:06+08:00,Prepare v0.5.0-rc.1 SDK bridge candidate and migration safeguards
A,docs/security/mainnet-store-check-17236364/proof-verification.log,evidence/docs,c980a75,2026-09-12T11:02:06+08:00,Prepare v0.5.0-rc.1 SDK bridge candidate and migration safeguards,c980a75,2026-09-12T11:02:06+08:00,Prepare v0.5.0-rc.1 SDK bridge candidate and migration safeguards
A,docs/security/mainnet-store-check-17236364/verify.go,evidence/docs,c980a75,2026-09-12T11:02:06+08:00,Prepare v0.5.0-rc.1 SDK bridge candidate and migration safeguards,c980a75,2026-09-12T11:02:06+08:00,Prepare v0.5.0-rc.1 SDK bridge candidate and migration safeguards
A,docs/security/mainnet-store-check-2026-09-10.md,evidence/docs,c980a75,2026-09-12T11:02:06+08:00,Prepare v0.5.0-rc.1 SDK bridge candidate and migration safeguards,c980a75,2026-09-12T11:02:06+08:00,Prepare v0.5.0-rc.1 SDK bridge candidate and migration safeguards
A,docs/security/preflight-ci-2026-09-11/full-tests.log,evidence/docs,c980a75,2026-09-12T11:02:06+08:00,Prepare v0.5.0-rc.1 SDK bridge candidate and migration safeguards,c980a75,2026-09-12T11:02:06+08:00,Prepare v0.5.0-rc.1 SDK bridge candidate and migration safeguards
A,docs/security/preflight-ci-2026-09-11/simulation-results.json,evidence/docs,c980a75,2026-09-12T11:02:06+08:00,Prepare v0.5.0-rc.1 SDK bridge candidate and migration safeguards,c980a75,2026-09-12T11:02:06+08:00,Prepare v0.5.0-rc.1 SDK bridge candidate and migration safeguards
A,docs/security/preflight-ci-2026-09-11/source-module-versions.json,evidence/docs,c980a75,2026-09-12T11:02:06+08:00,Prepare v0.5.0-rc.1 SDK bridge candidate and migration safeguards,c980a75,2026-09-12T11:02:06+08:00,Prepare v0.5.0-rc.1 SDK bridge candidate and migration safeguards
A,docs/security/sdk-053-bridge-audit-2026-09-10.md,evidence/docs,c980a75,2026-09-12T11:02:06+08:00,Prepare v0.5.0-rc.1 SDK bridge candidate and migration safeguards,c980a75,2026-09-12T11:02:06+08:00,Prepare v0.5.0-rc.1 SDK bridge candidate and migration safeguards
A,docs/security/sdk-053-bridge-fixes-2026-09-11.md,evidence/docs,c980a75,2026-09-12T11:02:06+08:00,Prepare v0.5.0-rc.1 SDK bridge candidate and migration safeguards,c980a75,2026-09-12T11:02:06+08:00,Prepare v0.5.0-rc.1 SDK bridge candidate and migration safeguards
A,docs/security/sdk-053-bridge-simulation.log,evidence/docs,c980a75,2026-09-12T11:02:06+08:00,Prepare v0.5.0-rc.1 SDK bridge candidate and migration safeguards,c980a75,2026-09-12T11:02:06+08:00,Prepare v0.5.0-rc.1 SDK bridge candidate and migration safeguards
A,docs/security/sdk-053-bridge-tests.log,evidence/docs,c980a75,2026-09-12T11:02:06+08:00,Prepare v0.5.0-rc.1 SDK bridge candidate and migration safeguards,c980a75,2026-09-12T11:02:06+08:00,Prepare v0.5.0-rc.1 SDK bridge candidate and migration safeguards
A,docs/security/sdk-053-preflight-ci-2026-09-11.md,evidence/docs,c980a75,2026-09-12T11:02:06+08:00,Prepare v0.5.0-rc.1 SDK bridge candidate and migration safeguards,c980a75,2026-09-12T11:02:06+08:00,Prepare v0.5.0-rc.1 SDK bridge candidate and migration safeguards
A,docs/upgrades/evidence/snapshot-20260911/SHA256SUMS,evidence/docs,c980a75,2026-09-12T11:02:06+08:00,Prepare v0.5.0-rc.1 SDK bridge candidate and migration safeguards,c980a75,2026-09-12T11:02:06+08:00,Prepare v0.5.0-rc.1 SDK bridge candidate and migration safeguards
A,docs/upgrades/evidence/snapshot-20260911/after-restart-consistency.json,evidence/docs,c980a75,2026-09-12T11:02:06+08:00,Prepare v0.5.0-rc.1 SDK bridge candidate and migration safeguards,c980a75,2026-09-12T11:02:06+08:00,Prepare v0.5.0-rc.1 SDK bridge candidate and migration safeguards
A,docs/upgrades/evidence/snapshot-20260911/binary-sha256.txt,evidence/docs,c980a75,2026-09-12T11:02:06+08:00,Prepare v0.5.0-rc.1 SDK bridge candidate and migration safeguards,c980a75,2026-09-12T11:02:06+08:00,Prepare v0.5.0-rc.1 SDK bridge candidate and migration safeguards
A,docs/upgrades/evidence/snapshot-20260911/fork-report.json,evidence/docs,c980a75,2026-09-12T11:02:06+08:00,Prepare v0.5.0-rc.1 SDK bridge candidate and migration safeguards,c980a75,2026-09-12T11:02:06+08:00,Prepare v0.5.0-rc.1 SDK bridge candidate and migration safeguards
A,docs/upgrades/evidence/snapshot-20260911/four-node-baseline.json,evidence/docs,c980a75,2026-09-12T11:02:06+08:00,Prepare v0.5.0-rc.1 SDK bridge candidate and migration safeguards,c980a75,2026-09-12T11:02:06+08:00,Prepare v0.5.0-rc.1 SDK bridge candidate and migration safeguards
A,docs/upgrades/evidence/snapshot-20260911/one-down-end.json,evidence/docs,c980a75,2026-09-12T11:02:06+08:00,Prepare v0.5.0-rc.1 SDK bridge candidate and migration safeguards,c980a75,2026-09-12T11:02:06+08:00,Prepare v0.5.0-rc.1 SDK bridge candidate and migration safeguards
A,docs/upgrades/evidence/snapshot-20260911/one-down-start.json,evidence/docs,c980a75,2026-09-12T11:02:06+08:00,Prepare v0.5.0-rc.1 SDK bridge candidate and migration safeguards,c980a75,2026-09-12T11:02:06+08:00,Prepare v0.5.0-rc.1 SDK bridge candidate and migration safeguards
A,docs/upgrades/evidence/snapshot-20260911/pingpub.png,evidence/docs,c980a75,2026-09-12T11:02:06+08:00,Prepare v0.5.0-rc.1 SDK bridge candidate and migration safeguards,c980a75,2026-09-12T11:02:06+08:00,Prepare v0.5.0-rc.1 SDK bridge candidate and migration safeguards
A,docs/upgrades/evidence/snapshot-20260911/restart-after.json,evidence/docs,c980a75,2026-09-12T11:02:06+08:00,Prepare v0.5.0-rc.1 SDK bridge candidate and migration safeguards,c980a75,2026-09-12T11:02:06+08:00,Prepare v0.5.0-rc.1 SDK bridge candidate and migration safeguards
A,docs/upgrades/evidence/snapshot-20260911/restart-before.json,evidence/docs,c980a75,2026-09-12T11:02:06+08:00,Prepare v0.5.0-rc.1 SDK bridge candidate and migration safeguards,c980a75,2026-09-12T11:02:06+08:00,Prepare v0.5.0-rc.1 SDK bridge candidate and migration safeguards
A,docs/upgrades/evidence/snapshot-20260911/source.json,evidence/docs,c980a75,2026-09-12T11:02:06+08:00,Prepare v0.5.0-rc.1 SDK bridge candidate and migration safeguards,c980a75,2026-09-12T11:02:06+08:00,Prepare v0.5.0-rc.1 SDK bridge candidate and migration safeguards
A,docs/upgrades/sdk-053-inflight-rehearsal-2026-09-11/upgrade-evidence/bridge-fund-relayer-result.json,evidence/docs,c980a75,2026-09-12T11:02:06+08:00,Prepare v0.5.0-rc.1 SDK bridge candidate and migration safeguards,c980a75,2026-09-12T11:02:06+08:00,Prepare v0.5.0-rc.1 SDK bridge candidate and migration safeguards
A,docs/upgrades/sdk-053-inflight-rehearsal-2026-09-11/upgrade-evidence/bridge-fund-relayer-submit.json,evidence/docs,c980a75,2026-09-12T11:02:06+08:00,Prepare v0.5.0-rc.1 SDK bridge candidate and migration safeguards,c980a75,2026-09-12T11:02:06+08:00,Prepare v0.5.0-rc.1 SDK bridge candidate and migration safeguards
A,docs/upgrades/sdk-053-inflight-rehearsal-2026-09-11/upgrade-evidence/business-code-checksums.json,evidence/docs,c980a75,2026-09-12T11:02:06+08:00,Prepare v0.5.0-rc.1 SDK bridge candidate and migration safeguards,c980a75,2026-09-12T11:02:06+08:00,Prepare v0.5.0-rc.1 SDK bridge candidate and migration safeguards
A,docs/upgrades/sdk-053-inflight-rehearsal-2026-09-11/upgrade-evidence/cold.log,evidence/docs,c980a75,2026-09-12T11:02:06+08:00,Prepare v0.5.0-rc.1 SDK bridge candidate and migration safeguards,c980a75,2026-09-12T11:02:06+08:00,Prepare v0.5.0-rc.1 SDK bridge candidate and migration safeguards
A,docs/upgrades/sdk-053-inflight-rehearsal-2026-09-11/upgrade-evidence/contract-tx-index-coverage.json,evidence/docs,c980a75,2026-09-12T11:02:06+08:00,Prepare v0.5.0-rc.1 SDK bridge candidate and migration safeguards,c980a75,2026-09-12T11:02:06+08:00,Prepare v0.5.0-rc.1 SDK bridge candidate and migration safeguards
A,docs/upgrades/sdk-053-inflight-rehearsal-2026-09-11/upgrade-evidence/create-round-message.json,evidence/docs,c980a75,2026-09-12T11:02:06+08:00,Prepare v0.5.0-rc.1 SDK bridge candidate and migration safeguards,c980a75,2026-09-12T11:02:06+08:00,Prepare v0.5.0-rc.1 SDK bridge candidate and migration safeguards
A,docs/upgrades/sdk-053-inflight-rehearsal-2026-09-11/upgrade-evidence/duplicate-recv-signed.json,evidence/docs,c980a75,2026-09-12T11:02:06+08:00,Prepare v0.5.0-rc.1 SDK bridge candidate and migration safeguards,c980a75,2026-09-12T11:02:06+08:00,Prepare v0.5.0-rc.1 SDK bridge candidate and migration safeguards
A,docs/upgrades/sdk-053-inflight-rehearsal-2026-09-11/upgrade-evidence/duplicate-recv-submit.json,evidence/docs,c980a75,2026-09-12T11:02:06+08:00,Prepare v0.5.0-rc.1 SDK bridge candidate and migration safeguards,c980a75,2026-09-12T11:02:06+08:00,Prepare v0.5.0-rc.1 SDK bridge candidate and migration safeguards
A,docs/upgrades/sdk-053-inflight-rehearsal-2026-09-11/upgrade-evidence/duplicate-retry.log,evidence/docs,c980a75,2026-09-12T11:02:06+08:00,Prepare v0.5.0-rc.1 SDK bridge candidate and migration safeguards,c980a75,2026-09-12T11:02:06+08:00,Prepare v0.5.0-rc.1 SDK bridge candidate and migration safeguards
A,docs/upgrades/sdk-053-inflight-rehearsal-2026-09-11/upgrade-evidence/duplicate.log,evidence/docs,c980a75,2026-09-12T11:02:06+08:00,Prepare v0.5.0-rc.1 SDK bridge candidate and migration safeguards,c980a75,2026-09-12T11:02:06+08:00,Prepare v0.5.0-rc.1 SDK bridge candidate and migration safeguards
A,docs/upgrades/sdk-053-inflight-rehearsal-2026-09-11/upgrade-evidence/expired-replay-check.json,evidence/docs,c980a75,2026-09-12T11:02:06+08:00,Prepare v0.5.0-rc.1 SDK bridge candidate and migration safeguards,c980a75,2026-09-12T11:02:06+08:00,Prepare v0.5.0-rc.1 SDK bridge candidate and migration safeguards
A,docs/upgrades/sdk-053-inflight-rehearsal-2026-09-11/upgrade-evidence/handshake.log,evidence/docs,c980a75,2026-09-12T11:02:06+08:00,Prepare v0.5.0-rc.1 SDK bridge candidate and migration safeguards,c980a75,2026-09-12T11:02:06+08:00,Prepare v0.5.0-rc.1 SDK bridge candidate and migration safeguards
A,docs/upgrades/sdk-053-inflight-rehearsal-2026-09-11/upgrade-evidence/inflight-final-consistency.json,evidence/docs,c980a75,2026-09-12T11:02:06+08:00,Prepare v0.5.0-rc.1 SDK bridge candidate and migration safeguards,c980a75,2026-09-12T11:02:06+08:00,Prepare v0.5.0-rc.1 SDK bridge candidate and migration safeguards
A,docs/upgrades/sdk-053-inflight-rehearsal-2026-09-11/upgrade-evidence/inflight-roundtrip.json,evidence/docs,c980a75,2026-09-12T11:02:06+08:00,Prepare v0.5.0-rc.1 SDK bridge candidate and migration safeguards,c980a75,2026-09-12T11:02:06+08:00,Prepare v0.5.0-rc.1 SDK bridge candidate and migration safeguards
A,docs/upgrades/sdk-053-inflight-rehearsal-2026-09-11/upgrade-evidence/inflight-settlement.json,evidence/docs,c980a75,2026-09-12T11:02:06+08:00,Prepare v0.5.0-rc.1 SDK bridge candidate and migration safeguards,c980a75,2026-09-12T11:02:06+08:00,Prepare v0.5.0-rc.1 SDK bridge candidate and migration safeguards
A,docs/upgrades/sdk-053-inflight-rehearsal-2026-09-11/upgrade-evidence/inflight-start-balances.json,evidence/docs,c980a75,2026-09-12T11:02:06+08:00,Prepare v0.5.0-rc.1 SDK bridge candidate and migration safeguards,c980a75,2026-09-12T11:02:06+08:00,Prepare v0.5.0-rc.1 SDK bridge candidate and migration safeguards
A,docs/upgrades/sdk-053-inflight-rehearsal-2026-09-11/upgrade-evidence/inflight-test-delegate-result.json,evidence/docs,c980a75,2026-09-12T11:02:06+08:00,Prepare v0.5.0-rc.1 SDK bridge candidate and migration safeguards,c980a75,2026-09-12T11:02:06+08:00,Prepare v0.5.0-rc.1 SDK bridge candidate and migration safeguards
A,docs/upgrades/sdk-053-inflight-rehearsal-2026-09-11/upgrade-evidence/inflight-test-delegate-submit.json,evidence/docs,c980a75,2026-09-12T11:02:06+08:00,Prepare v0.5.0-rc.1 SDK bridge candidate and migration safeguards,c980a75,2026-09-12T11:02:06+08:00,Prepare v0.5.0-rc.1 SDK bridge candidate and migration safeguards
A,docs/upgrades/sdk-053-inflight-rehearsal-2026-09-11/upgrade-evidence/inflight-upgrade-proposal-result.json,evidence/docs,c980a75,2026-09-12T11:02:06+08:00,Prepare v0.5.0-rc.1 SDK bridge candidate and migration safeguards,c980a75,2026-09-12T11:02:06+08:00,Prepare v0.5.0-rc.1 SDK bridge candidate and migration safeguards
A,docs/upgrades/sdk-053-inflight-rehearsal-2026-09-11/upgrade-evidence/inflight-upgrade-proposal-submit.json,evidence/docs,c980a75,2026-09-12T11:02:06+08:00,Prepare v0.5.0-rc.1 SDK bridge candidate and migration safeguards,c980a75,2026-09-12T11:02:06+08:00,Prepare v0.5.0-rc.1 SDK bridge candidate and migration safeguards
A,docs/upgrades/sdk-053-inflight-rehearsal-2026-09-11/upgrade-evidence/inflight-upgrade-vote-result.json,evidence/docs,c980a75,2026-09-12T11:02:06+08:00,Prepare v0.5.0-rc.1 SDK bridge candidate and migration safeguards,c980a75,2026-09-12T11:02:06+08:00,Prepare v0.5.0-rc.1 SDK bridge candidate and migration safeguards
A,docs/upgrades/sdk-053-inflight-rehearsal-2026-09-11/upgrade-evidence/inflight-upgrade-vote-submit.json,evidence/docs,c980a75,2026-09-12T11:02:06+08:00,Prepare v0.5.0-rc.1 SDK bridge candidate and migration safeguards,c980a75,2026-09-12T11:02:06+08:00,Prepare v0.5.0-rc.1 SDK bridge candidate and migration safeguards
A,docs/upgrades/sdk-053-inflight-rehearsal-2026-09-11/upgrade-evidence/link.log,evidence/docs,c980a75,2026-09-12T11:02:06+08:00,Prepare v0.5.0-rc.1 SDK bridge candidate and migration safeguards,c980a75,2026-09-12T11:02:06+08:00,Prepare v0.5.0-rc.1 SDK bridge candidate and migration safeguards
A,docs/upgrades/sdk-053-inflight-rehearsal-2026-09-11/upgrade-evidence/old-halt.log,evidence/docs,c980a75,2026-09-12T11:02:06+08:00,Prepare v0.5.0-rc.1 SDK bridge candidate and migration safeguards,c980a75,2026-09-12T11:02:06+08:00,Prepare v0.5.0-rc.1 SDK bridge candidate and migration safeguards
A,docs/upgrades/sdk-053-inflight-rehearsal-2026-09-11/upgrade-evidence/old-registry-create-round-result.json,evidence/docs,c980a75,2026-09-12T11:02:06+08:00,Prepare v0.5.0-rc.1 SDK bridge candidate and migration safeguards,c980a75,2026-09-12T11:02:06+08:00,Prepare v0.5.0-rc.1 SDK bridge candidate and migration safeguards
A,docs/upgrades/sdk-053-inflight-rehearsal-2026-09-11/upgrade-evidence/old-registry-create-round-submit.json,evidence/docs,c980a75,2026-09-12T11:02:06+08:00,Prepare v0.5.0-rc.1 SDK bridge candidate and migration safeguards,c980a75,2026-09-12T11:02:06+08:00,Prepare v0.5.0-rc.1 SDK bridge candidate and migration safeguards
A,docs/upgrades/sdk-053-inflight-rehearsal-2026-09-11/upgrade-evidence/old-round-signup-result.json,evidence/docs,c980a75,2026-09-12T11:02:06+08:00,Prepare v0.5.0-rc.1 SDK bridge candidate and migration safeguards,c980a75,2026-09-12T11:02:06+08:00,Prepare v0.5.0-rc.1 SDK bridge candidate and migration safeguards
A,docs/upgrades/sdk-053-inflight-rehearsal-2026-09-11/upgrade-evidence/old-round-signup-submit.json,evidence/docs,c980a75,2026-09-12T11:02:06+08:00,Prepare v0.5.0-rc.1 SDK bridge candidate and migration safeguards,c980a75,2026-09-12T11:02:06+08:00,Prepare v0.5.0-rc.1 SDK bridge candidate and migration safeguards
A,docs/upgrades/sdk-053-inflight-rehearsal-2026-09-11/upgrade-evidence/packet-outcome-events.json,evidence/docs,c980a75,2026-09-12T11:02:06+08:00,Prepare v0.5.0-rc.1 SDK bridge candidate and migration safeguards,c980a75,2026-09-12T11:02:06+08:00,Prepare v0.5.0-rc.1 SDK bridge candidate and migration safeguards
A,docs/upgrades/sdk-053-inflight-rehearsal-2026-09-11/upgrade-evidence/packets-pre-continued.log,evidence/docs,c980a75,2026-09-12T11:02:06+08:00,Prepare v0.5.0-rc.1 SDK bridge candidate and migration safeguards,c980a75,2026-09-12T11:02:06+08:00,Prepare v0.5.0-rc.1 SDK bridge candidate and migration safeguards
A,docs/upgrades/sdk-053-inflight-rehearsal-2026-09-11/upgrade-evidence/packets-pre.log,evidence/docs,c980a75,2026-09-12T11:02:06+08:00,Prepare v0.5.0-rc.1 SDK bridge candidate and migration safeguards,c980a75,2026-09-12T11:02:06+08:00,Prepare v0.5.0-rc.1 SDK bridge candidate and migration safeguards
A,docs/upgrades/sdk-053-inflight-rehearsal-2026-09-11/upgrade-evidence/post-fund-recipient-result.json,evidence/docs,c980a75,2026-09-12T11:02:06+08:00,Prepare v0.5.0-rc.1 SDK bridge candidate and migration safeguards,c980a75,2026-09-12T11:02:06+08:00,Prepare v0.5.0-rc.1 SDK bridge candidate and migration safeguards
A,docs/upgrades/sdk-053-inflight-rehearsal-2026-09-11/upgrade-evidence/post-fund-recipient-submit.json,evidence/docs,c980a75,2026-09-12T11:02:06+08:00,Prepare v0.5.0-rc.1 SDK bridge candidate and migration safeguards,c980a75,2026-09-12T11:02:06+08:00,Prepare v0.5.0-rc.1 SDK bridge candidate and migration safeguards
A,docs/upgrades/sdk-053-inflight-rehearsal-2026-09-11/upgrade-evidence/post-old-round-publish-result.json,evidence/docs,c980a75,2026-09-12T11:02:06+08:00,Prepare v0.5.0-rc.1 SDK bridge candidate and migration safeguards,c980a75,2026-09-12T11:02:06+08:00,Prepare v0.5.0-rc.1 SDK bridge candidate and migration safeguards
A,docs/upgrades/sdk-053-inflight-rehearsal-2026-09-11/upgrade-evidence/post-old-round-publish-submit.json,evidence/docs,c980a75,2026-09-12T11:02:06+08:00,Prepare v0.5.0-rc.1 SDK bridge candidate and migration safeguards,c980a75,2026-09-12T11:02:06+08:00,Prepare v0.5.0-rc.1 SDK bridge candidate and migration safeguards
A,docs/upgrades/sdk-053-inflight-rehearsal-2026-09-11/upgrade-evidence/post-old-round-signup-result.json,evidence/docs,c980a75,2026-09-12T11:02:06+08:00,Prepare v0.5.0-rc.1 SDK bridge candidate and migration safeguards,c980a75,2026-09-12T11:02:06+08:00,Prepare v0.5.0-rc.1 SDK bridge candidate and migration safeguards
A,docs/upgrades/sdk-053-inflight-rehearsal-2026-09-11/upgrade-evidence/post-old-round-signup-submit.json,evidence/docs,c980a75,2026-09-12T11:02:06+08:00,Prepare v0.5.0-rc.1 SDK bridge candidate and migration safeguards,c980a75,2026-09-12T11:02:06+08:00,Prepare v0.5.0-rc.1 SDK bridge candidate and migration safeguards
A,docs/upgrades/sdk-053-inflight-rehearsal-2026-09-11/upgrade-evidence/post-registry-create-round-result.json,evidence/docs,c980a75,2026-09-12T11:02:06+08:00,Prepare v0.5.0-rc.1 SDK bridge candidate and migration safeguards,c980a75,2026-09-12T11:02:06+08:00,Prepare v0.5.0-rc.1 SDK bridge candidate and migration safeguards
A,docs/upgrades/sdk-053-inflight-rehearsal-2026-09-11/upgrade-evidence/post-registry-create-round-submit.json,evidence/docs,c980a75,2026-09-12T11:02:06+08:00,Prepare v0.5.0-rc.1 SDK bridge candidate and migration safeguards,c980a75,2026-09-12T11:02:06+08:00,Prepare v0.5.0-rc.1 SDK bridge candidate and migration safeguards
A,docs/upgrades/sdk-053-inflight-rehearsal-2026-09-11/upgrade-evidence/post-registry-unauthorized-result.json,evidence/docs,c980a75,2026-09-12T11:02:06+08:00,Prepare v0.5.0-rc.1 SDK bridge candidate and migration safeguards,c980a75,2026-09-12T11:02:06+08:00,Prepare v0.5.0-rc.1 SDK bridge candidate and migration safeguards
A,docs/upgrades/sdk-053-inflight-rehearsal-2026-09-11/upgrade-evidence/post-registry-unauthorized-submit.json,evidence/docs,c980a75,2026-09-12T11:02:06+08:00,Prepare v0.5.0-rc.1 SDK bridge candidate and migration safeguards,c980a75,2026-09-12T11:02:06+08:00,Prepare v0.5.0-rc.1 SDK bridge candidate and migration safeguards
A,docs/upgrades/sdk-053-inflight-rehearsal-2026-09-11/upgrade-evidence/post-return-peer-submit.json,evidence/docs,c980a75,2026-09-12T11:02:06+08:00,Prepare v0.5.0-rc.1 SDK bridge candidate and migration safeguards,c980a75,2026-09-12T11:02:06+08:00,Prepare v0.5.0-rc.1 SDK bridge candidate and migration safeguards
A,docs/upgrades/sdk-053-inflight-rehearsal-2026-09-11/upgrade-evidence/post-return-vota-result.json,evidence/docs,c980a75,2026-09-12T11:02:06+08:00,Prepare v0.5.0-rc.1 SDK bridge candidate and migration safeguards,c980a75,2026-09-12T11:02:06+08:00,Prepare v0.5.0-rc.1 SDK bridge candidate and migration safeguards
A,docs/upgrades/sdk-053-inflight-rehearsal-2026-09-11/upgrade-evidence/post-return-vota-submit.json,evidence/docs,c980a75,2026-09-12T11:02:06+08:00,Prepare v0.5.0-rc.1 SDK bridge candidate and migration safeguards,c980a75,2026-09-12T11:02:06+08:00,Prepare v0.5.0-rc.1 SDK bridge candidate and migration safeguards
A,docs/upgrades/sdk-053-inflight-rehearsal-2026-09-11/upgrade-evidence/post-round-underpaid-message-result.json,evidence/docs,c980a75,2026-09-12T11:02:06+08:00,Prepare v0.5.0-rc.1 SDK bridge candidate and migration safeguards,c980a75,2026-09-12T11:02:06+08:00,Prepare v0.5.0-rc.1 SDK bridge candidate and migration safeguards
A,docs/upgrades/sdk-053-inflight-rehearsal-2026-09-11/upgrade-evidence/post-round-underpaid-message-submit.json,evidence/docs,c980a75,2026-09-12T11:02:06+08:00,Prepare v0.5.0-rc.1 SDK bridge candidate and migration safeguards,c980a75,2026-09-12T11:02:06+08:00,Prepare v0.5.0-rc.1 SDK bridge candidate and migration safeguards
A,docs/upgrades/sdk-053-inflight-rehearsal-2026-09-11/upgrade-evidence/post-upgrade-pending-state.json,evidence/docs,c980a75,2026-09-12T11:02:06+08:00,Prepare v0.5.0-rc.1 SDK bridge candidate and migration safeguards,c980a75,2026-09-12T11:02:06+08:00,Prepare v0.5.0-rc.1 SDK bridge candidate and migration safeguards
A,docs/upgrades/sdk-053-inflight-rehearsal-2026-09-11/upgrade-evidence/pre-ack-pending-send-result.json,evidence/docs,c980a75,2026-09-12T11:02:06+08:00,Prepare v0.5.0-rc.1 SDK bridge candidate and migration safeguards,c980a75,2026-09-12T11:02:06+08:00,Prepare v0.5.0-rc.1 SDK bridge candidate and migration safeguards
A,docs/upgrades/sdk-053-inflight-rehearsal-2026-09-11/upgrade-evidence/pre-ack-pending-send-submit.json,evidence/docs,c980a75,2026-09-12T11:02:06+08:00,Prepare v0.5.0-rc.1 SDK bridge candidate and migration safeguards,c980a75,2026-09-12T11:02:06+08:00,Prepare v0.5.0-rc.1 SDK bridge candidate and migration safeguards
A,docs/upgrades/sdk-053-inflight-rehearsal-2026-09-11/upgrade-evidence/pre-ack-pending-state.json,evidence/docs,c980a75,2026-09-12T11:02:06+08:00,Prepare v0.5.0-rc.1 SDK bridge candidate and migration safeguards,c980a75,2026-09-12T11:02:06+08:00,Prepare v0.5.0-rc.1 SDK bridge candidate and migration safeguards
A,docs/upgrades/sdk-053-inflight-rehearsal-2026-09-11/upgrade-evidence/pre-error-pending-send-result.json,evidence/docs,c980a75,2026-09-12T11:02:06+08:00,Prepare v0.5.0-rc.1 SDK bridge candidate and migration safeguards,c980a75,2026-09-12T11:02:06+08:00,Prepare v0.5.0-rc.1 SDK bridge candidate and migration safeguards
A,docs/upgrades/sdk-053-inflight-rehearsal-2026-09-11/upgrade-evidence/pre-error-pending-send-submit.json,evidence/docs,c980a75,2026-09-12T11:02:06+08:00,Prepare v0.5.0-rc.1 SDK bridge candidate and migration safeguards,c980a75,2026-09-12T11:02:06+08:00,Prepare v0.5.0-rc.1 SDK bridge candidate and migration safeguards
A,docs/upgrades/sdk-053-inflight-rehearsal-2026-09-11/upgrade-evidence/pre-incoming-pending-result.json,evidence/docs,c980a75,2026-09-12T11:02:06+08:00,Prepare v0.5.0-rc.1 SDK bridge candidate and migration safeguards,c980a75,2026-09-12T11:02:06+08:00,Prepare v0.5.0-rc.1 SDK bridge candidate and migration safeguards
A,docs/upgrades/sdk-053-inflight-rehearsal-2026-09-11/upgrade-evidence/pre-incoming-pending-send.json,evidence/docs,c980a75,2026-09-12T11:02:06+08:00,Prepare v0.5.0-rc.1 SDK bridge candidate and migration safeguards,c980a75,2026-09-12T11:02:06+08:00,Prepare v0.5.0-rc.1 SDK bridge candidate and migration safeguards
A,docs/upgrades/sdk-053-inflight-rehearsal-2026-09-11/upgrade-evidence/pre-recv-result.json,evidence/docs,c980a75,2026-09-12T11:02:06+08:00,Prepare v0.5.0-rc.1 SDK bridge candidate and migration safeguards,c980a75,2026-09-12T11:02:06+08:00,Prepare v0.5.0-rc.1 SDK bridge candidate and migration safeguards
A,docs/upgrades/sdk-053-inflight-rehearsal-2026-09-11/upgrade-evidence/pre-recv-signed.json,evidence/docs,c980a75,2026-09-12T11:02:06+08:00,Prepare v0.5.0-rc.1 SDK bridge candidate and migration safeguards,c980a75,2026-09-12T11:02:06+08:00,Prepare v0.5.0-rc.1 SDK bridge candidate and migration safeguards
A,docs/upgrades/sdk-053-inflight-rehearsal-2026-09-11/upgrade-evidence/pre-recv-unsigned.json,evidence/docs,c980a75,2026-09-12T11:02:06+08:00,Prepare v0.5.0-rc.1 SDK bridge candidate and migration safeguards,c980a75,2026-09-12T11:02:06+08:00,Prepare v0.5.0-rc.1 SDK bridge candidate and migration safeguards
A,docs/upgrades/sdk-053-inflight-rehearsal-2026-09-11/upgrade-evidence/pre-success-pending-send-result.json,evidence/docs,c980a75,2026-09-12T11:02:06+08:00,Prepare v0.5.0-rc.1 SDK bridge candidate and migration safeguards,c980a75,2026-09-12T11:02:06+08:00,Prepare v0.5.0-rc.1 SDK bridge candidate and migration safeguards
A,docs/upgrades/sdk-053-inflight-rehearsal-2026-09-11/upgrade-evidence/pre-success-pending-send-submit.json,evidence/docs,c980a75,2026-09-12T11:02:06+08:00,Prepare v0.5.0-rc.1 SDK bridge candidate and migration safeguards,c980a75,2026-09-12T11:02:06+08:00,Prepare v0.5.0-rc.1 SDK bridge candidate and migration safeguards
A,docs/upgrades/sdk-053-inflight-rehearsal-2026-09-11/upgrade-evidence/pre-timeout-pending-send-result.json,evidence/docs,c980a75,2026-09-12T11:02:06+08:00,Prepare v0.5.0-rc.1 SDK bridge candidate and migration safeguards,c980a75,2026-09-12T11:02:06+08:00,Prepare v0.5.0-rc.1 SDK bridge candidate and migration safeguards
A,docs/upgrades/sdk-053-inflight-rehearsal-2026-09-11/upgrade-evidence/pre-timeout-pending-send-submit.json,evidence/docs,c980a75,2026-09-12T11:02:06+08:00,Prepare v0.5.0-rc.1 SDK bridge candidate and migration safeguards,c980a75,2026-09-12T11:02:06+08:00,Prepare v0.5.0-rc.1 SDK bridge candidate and migration safeguards
A,docs/upgrades/sdk-053-inflight-rehearsal-2026-09-11/upgrade-evidence/pre-update-clients.log,evidence/docs,c980a75,2026-09-12T11:02:06+08:00,Prepare v0.5.0-rc.1 SDK bridge candidate and migration safeguards,c980a75,2026-09-12T11:02:06+08:00,Prepare v0.5.0-rc.1 SDK bridge candidate and migration safeguards
A,docs/upgrades/sdk-053-inflight-rehearsal-2026-09-11/upgrade-evidence/pre-upgrade-pending-state.json,evidence/docs,c980a75,2026-09-12T11:02:06+08:00,Prepare v0.5.0-rc.1 SDK bridge candidate and migration safeguards,c980a75,2026-09-12T11:02:06+08:00,Prepare v0.5.0-rc.1 SDK bridge candidate and migration safeguards
A,docs/upgrades/sdk-053-inflight-rehearsal-2026-09-11/upgrade-evidence/registry-business-samples.json,evidence/docs,c980a75,2026-09-12T11:02:06+08:00,Prepare v0.5.0-rc.1 SDK bridge candidate and migration safeguards,c980a75,2026-09-12T11:02:06+08:00,Prepare v0.5.0-rc.1 SDK bridge candidate and migration safeguards
A,docs/upgrades/sdk-053-inflight-rehearsal-2026-09-11/upgrade-evidence/registry-pre-queries.json,evidence/docs,c980a75,2026-09-12T11:02:06+08:00,Prepare v0.5.0-rc.1 SDK bridge candidate and migration safeguards,c980a75,2026-09-12T11:02:06+08:00,Prepare v0.5.0-rc.1 SDK bridge candidate and migration safeguards
A,docs/upgrades/sdk-053-inflight-rehearsal-2026-09-11/upgrade-evidence/rejected-inflight-upgrade-proposal-result.json,evidence/docs,c980a75,2026-09-12T11:02:06+08:00,Prepare v0.5.0-rc.1 SDK bridge candidate and migration safeguards,c980a75,2026-09-12T11:02:06+08:00,Prepare v0.5.0-rc.1 SDK bridge candidate and migration safeguards
A,docs/upgrades/sdk-053-inflight-rehearsal-2026-09-11/upgrade-evidence/rejected-inflight-upgrade-proposal-submit.json,evidence/docs,c980a75,2026-09-12T11:02:06+08:00,Prepare v0.5.0-rc.1 SDK bridge candidate and migration safeguards,c980a75,2026-09-12T11:02:06+08:00,Prepare v0.5.0-rc.1 SDK bridge candidate and migration safeguards
A,docs/upgrades/sdk-053-inflight-rehearsal-2026-09-11/upgrade-evidence/rejected-inflight-upgrade-vote-result.json,evidence/docs,c980a75,2026-09-12T11:02:06+08:00,Prepare v0.5.0-rc.1 SDK bridge candidate and migration safeguards,c980a75,2026-09-12T11:02:06+08:00,Prepare v0.5.0-rc.1 SDK bridge candidate and migration safeguards
A,docs/upgrades/sdk-053-inflight-rehearsal-2026-09-11/upgrade-evidence/rejected-inflight-upgrade-vote-submit.json,evidence/docs,c980a75,2026-09-12T11:02:06+08:00,Prepare v0.5.0-rc.1 SDK bridge candidate and migration safeguards,c980a75,2026-09-12T11:02:06+08:00,Prepare v0.5.0-rc.1 SDK bridge candidate and migration safeguards
A,docs/upgrades/sdk-053-inflight-rehearsal-2026-09-11/upgrade-evidence/relayed-transactions.json,evidence/docs,c980a75,2026-09-12T11:02:06+08:00,Prepare v0.5.0-rc.1 SDK bridge candidate and migration safeguards,c980a75,2026-09-12T11:02:06+08:00,Prepare v0.5.0-rc.1 SDK bridge candidate and migration safeguards
A,docs/upgrades/sdk-053-inflight-rehearsal-2026-09-11/upgrade-evidence/relayer.log,evidence/docs,c980a75,2026-09-12T11:02:06+08:00,Prepare v0.5.0-rc.1 SDK bridge candidate and migration safeguards,c980a75,2026-09-12T11:02:06+08:00,Prepare v0.5.0-rc.1 SDK bridge candidate and migration safeguards
A,docs/upgrades/sdk-053-inflight-rehearsal-2026-09-11/upgrade-evidence/round-pre-queries.json,evidence/docs,c980a75,2026-09-12T11:02:06+08:00,Prepare v0.5.0-rc.1 SDK bridge candidate and migration safeguards,c980a75,2026-09-12T11:02:06+08:00,Prepare v0.5.0-rc.1 SDK bridge candidate and migration safeguards
A,docs/upgrades/sdk-053-inflight-rehearsal-2026-09-11/upgrade-evidence/settlement.log,evidence/docs,c980a75,2026-09-12T11:02:06+08:00,Prepare v0.5.0-rc.1 SDK bridge candidate and migration safeguards,c980a75,2026-09-12T11:02:06+08:00,Prepare v0.5.0-rc.1 SDK bridge candidate and migration safeguards
A,docs/upgrades/sdk-053-inflight-rehearsal-2026-09-11/upgrade-evidence/summary.json,evidence/docs,c980a75,2026-09-12T11:02:06+08:00,Prepare v0.5.0-rc.1 SDK bridge candidate and migration safeguards,c980a75,2026-09-12T11:02:06+08:00,Prepare v0.5.0-rc.1 SDK bridge candidate and migration safeguards
A,docs/upgrades/sdk-053-inflight-rehearsal-2026-09-11/upgrade-evidence/upgrade-height.txt,evidence/docs,c980a75,2026-09-12T11:02:06+08:00,Prepare v0.5.0-rc.1 SDK bridge candidate and migration safeguards,c980a75,2026-09-12T11:02:06+08:00,Prepare v0.5.0-rc.1 SDK bridge candidate and migration safeguards
A,docs/upgrades/sdk-053-inflight-rehearsal-2026-09-11/upgrade-evidence/upgrade-retry.log,evidence/docs,c980a75,2026-09-12T11:02:06+08:00,Prepare v0.5.0-rc.1 SDK bridge candidate and migration safeguards,c980a75,2026-09-12T11:02:06+08:00,Prepare v0.5.0-rc.1 SDK bridge candidate and migration safeguards
A,docs/upgrades/sdk-053-inflight-rehearsal-2026-09-11/upgrade-evidence/upgrade.log,evidence/docs,c980a75,2026-09-12T11:02:06+08:00,Prepare v0.5.0-rc.1 SDK bridge candidate and migration safeguards,c980a75,2026-09-12T11:02:06+08:00,Prepare v0.5.0-rc.1 SDK bridge candidate and migration safeguards
A,docs/upgrades/sdk-053-inflight-rehearsal-2026-09-11/upgrade-evidence/wasm-business-results.json,evidence/docs,c980a75,2026-09-12T11:02:06+08:00,Prepare v0.5.0-rc.1 SDK bridge candidate and migration safeguards,c980a75,2026-09-12T11:02:06+08:00,Prepare v0.5.0-rc.1 SDK bridge candidate and migration safeguards
A,docs/upgrades/sdk-053-inflight-rehearsal-2026-09-11/upgrade-evidence/wasm-immediately-post-upgrade.json,evidence/docs,c980a75,2026-09-12T11:02:06+08:00,Prepare v0.5.0-rc.1 SDK bridge candidate and migration safeguards,c980a75,2026-09-12T11:02:06+08:00,Prepare v0.5.0-rc.1 SDK bridge candidate and migration safeguards
A,docs/upgrades/sdk-053-inflight-rehearsal-2026-09-11/upgrade-evidence/wasm-immediately-pre-upgrade.json,evidence/docs,c980a75,2026-09-12T11:02:06+08:00,Prepare v0.5.0-rc.1 SDK bridge candidate and migration safeguards,c980a75,2026-09-12T11:02:06+08:00,Prepare v0.5.0-rc.1 SDK bridge candidate and migration safeguards
A,docs/upgrades/sdk-053-inflight-rehearsal-2026-09-11/upgrade-evidence/wasm-post.log,evidence/docs,c980a75,2026-09-12T11:02:06+08:00,Prepare v0.5.0-rc.1 SDK bridge candidate and migration safeguards,c980a75,2026-09-12T11:02:06+08:00,Prepare v0.5.0-rc.1 SDK bridge candidate and migration safeguards
A,docs/upgrades/sdk-053-inflight-rehearsal-2026-09-11/upgrade-evidence/wasm-pre.log,evidence/docs,c980a75,2026-09-12T11:02:06+08:00,Prepare v0.5.0-rc.1 SDK bridge candidate and migration safeguards,c980a75,2026-09-12T11:02:06+08:00,Prepare v0.5.0-rc.1 SDK bridge candidate and migration safeguards
A,docs/upgrades/sdk-053-inflight-rehearsal-2026-09-11/upgrade-evidence/wasm-test-round.json,evidence/docs,c980a75,2026-09-12T11:02:06+08:00,Prepare v0.5.0-rc.1 SDK bridge candidate and migration safeguards,c980a75,2026-09-12T11:02:06+08:00,Prepare v0.5.0-rc.1 SDK bridge candidate and migration safeguards
A,docs/upgrades/sdk-053-inflight-rehearsal-2026-09-11/vota-inflight-cold.py,evidence/docs,c980a75,2026-09-12T11:02:06+08:00,Prepare v0.5.0-rc.1 SDK bridge candidate and migration safeguards,c980a75,2026-09-12T11:02:06+08:00,Prepare v0.5.0-rc.1 SDK bridge candidate and migration safeguards
A,docs/upgrades/sdk-053-inflight-rehearsal-2026-09-11/vota-inflight-finish.py,evidence/docs,c980a75,2026-09-12T11:02:06+08:00,Prepare v0.5.0-rc.1 SDK bridge candidate and migration safeguards,c980a75,2026-09-12T11:02:06+08:00,Prepare v0.5.0-rc.1 SDK bridge candidate and migration safeguards
A,docs/upgrades/sdk-053-inflight-rehearsal-2026-09-11/vota-inflight-packets.py,evidence/docs,c980a75,2026-09-12T11:02:06+08:00,Prepare v0.5.0-rc.1 SDK bridge candidate and migration safeguards,c980a75,2026-09-12T11:02:06+08:00,Prepare v0.5.0-rc.1 SDK bridge candidate and migration safeguards
A,docs/upgrades/sdk-053-inflight-rehearsal-2026-09-11/vota-inflight-recv.py,evidence/docs,c980a75,2026-09-12T11:02:06+08:00,Prepare v0.5.0-rc.1 SDK bridge candidate and migration safeguards,c980a75,2026-09-12T11:02:06+08:00,Prepare v0.5.0-rc.1 SDK bridge candidate and migration safeguards
A,docs/upgrades/sdk-053-inflight-rehearsal-2026-09-11/vota-inflight-upgrade.py,evidence/docs,c980a75,2026-09-12T11:02:06+08:00,Prepare v0.5.0-rc.1 SDK bridge candidate and migration safeguards,c980a75,2026-09-12T11:02:06+08:00,Prepare v0.5.0-rc.1 SDK bridge candidate and migration safeguards
A,docs/upgrades/sdk-053-inflight-rehearsal-2026-09-11/vota-inflight-wasm-post.py,evidence/docs,c980a75,2026-09-12T11:02:06+08:00,Prepare v0.5.0-rc.1 SDK bridge candidate and migration safeguards,c980a75,2026-09-12T11:02:06+08:00,Prepare v0.5.0-rc.1 SDK bridge candidate and migration safeguards
A,docs/upgrades/sdk-053-inflight-rehearsal-2026-09-11/vota-inflight-wasm.py,evidence/docs,c980a75,2026-09-12T11:02:06+08:00,Prepare v0.5.0-rc.1 SDK bridge candidate and migration safeguards,c980a75,2026-09-12T11:02:06+08:00,Prepare v0.5.0-rc.1 SDK bridge candidate and migration safeguards
A,docs/upgrades/sdk-053-inflight-wasm-2026-09-11.md,evidence/docs,c980a75,2026-09-12T11:02:06+08:00,Prepare v0.5.0-rc.1 SDK bridge candidate and migration safeguards,c980a75,2026-09-12T11:02:06+08:00,Prepare v0.5.0-rc.1 SDK bridge candidate and migration safeguards
A,docs/upgrades/sdk-053-legacy-assets-check-2026-09-11.md,evidence/docs,c980a75,2026-09-12T11:02:06+08:00,Prepare v0.5.0-rc.1 SDK bridge candidate and migration safeguards,c980a75,2026-09-12T11:02:06+08:00,Prepare v0.5.0-rc.1 SDK bridge candidate and migration safeguards
A,docs/upgrades/sdk-053-mainnet-upgrade-plan.md,evidence/docs,c980a75,2026-09-12T11:02:06+08:00,Prepare v0.5.0-rc.1 SDK bridge candidate and migration safeguards,917c53b,2026-09-12T12:06:33+08:00,Align upgrade package and on-chain plan with version 0.5.0
A,docs/upgrades/sdk-053-rc1-2026-09-12.md,evidence/docs,ea0e83f,2026-09-12T11:34:34+08:00,Document RC1 validation evidence and pinned artifacts [skip ci],ea0e83f,2026-09-12T11:34:34+08:00,Document RC1 validation evidence and pinned artifacts [skip ci]
A,docs/upgrades/sdk-053-rc1-evidence/consistency.json,evidence/docs,ea0e83f,2026-09-12T11:34:34+08:00,Document RC1 validation evidence and pinned artifacts [skip ci],ea0e83f,2026-09-12T11:34:34+08:00,Document RC1 validation evidence and pinned artifacts [skip ci]
A,docs/upgrades/sdk-053-rc1-evidence/duplicate-before.json,evidence/docs,ea0e83f,2026-09-12T11:34:34+08:00,Document RC1 validation evidence and pinned artifacts [skip ci],ea0e83f,2026-09-12T11:34:34+08:00,Document RC1 validation evidence and pinned artifacts [skip ci]
A,docs/upgrades/sdk-053-rc1-evidence/duplicate-final-settlement.json,evidence/docs,ea0e83f,2026-09-12T11:34:34+08:00,Document RC1 validation evidence and pinned artifacts [skip ci],ea0e83f,2026-09-12T11:34:34+08:00,Document RC1 validation evidence and pinned artifacts [skip ci]
A,docs/upgrades/sdk-053-rc1-evidence/duplicate-inbound/duplicate-after-first.json,evidence/docs,ea0e83f,2026-09-12T11:34:34+08:00,Document RC1 validation evidence and pinned artifacts [skip ci],ea0e83f,2026-09-12T11:34:34+08:00,Document RC1 validation evidence and pinned artifacts [skip ci]
A,docs/upgrades/sdk-053-rc1-evidence/duplicate-inbound/duplicate-after-second.json,evidence/docs,ea0e83f,2026-09-12T11:34:34+08:00,Document RC1 validation evidence and pinned artifacts [skip ci],ea0e83f,2026-09-12T11:34:34+08:00,Document RC1 validation evidence and pinned artifacts [skip ci]
A,docs/upgrades/sdk-053-rc1-evidence/duplicate-inbound/duplicate-before.json,evidence/docs,ea0e83f,2026-09-12T11:34:34+08:00,Document RC1 validation evidence and pinned artifacts [skip ci],ea0e83f,2026-09-12T11:34:34+08:00,Document RC1 validation evidence and pinned artifacts [skip ci]
A,docs/upgrades/sdk-053-rc1-evidence/duplicate-inbound/duplicate-first-result.json,evidence/docs,c980a75,2026-09-12T11:02:06+08:00,Prepare v0.5.0-rc.1 SDK bridge candidate and migration safeguards,ea0e83f,2026-09-12T11:34:34+08:00,Document RC1 validation evidence and pinned artifacts [skip ci]
A,docs/upgrades/sdk-053-rc1-evidence/duplicate-inbound/duplicate-first-signed.json,evidence/docs,ea0e83f,2026-09-12T11:34:34+08:00,Document RC1 validation evidence and pinned artifacts [skip ci],ea0e83f,2026-09-12T11:34:34+08:00,Document RC1 validation evidence and pinned artifacts [skip ci]
A,docs/upgrades/sdk-053-rc1-evidence/duplicate-inbound/duplicate-first-submit.json,evidence/docs,ea0e83f,2026-09-12T11:34:34+08:00,Document RC1 validation evidence and pinned artifacts [skip ci],ea0e83f,2026-09-12T11:34:34+08:00,Document RC1 validation evidence and pinned artifacts [skip ci]
A,docs/upgrades/sdk-053-rc1-evidence/duplicate-inbound/duplicate-proof.json,evidence/docs,ea0e83f,2026-09-12T11:34:34+08:00,Document RC1 validation evidence and pinned artifacts [skip ci],ea0e83f,2026-09-12T11:34:34+08:00,Document RC1 validation evidence and pinned artifacts [skip ci]
A,docs/upgrades/sdk-053-rc1-evidence/duplicate-inbound/duplicate-second-signed.json,evidence/docs,ea0e83f,2026-09-12T11:34:34+08:00,Document RC1 validation evidence and pinned artifacts [skip ci],ea0e83f,2026-09-12T11:34:34+08:00,Document RC1 validation evidence and pinned artifacts [skip ci]
A,docs/upgrades/sdk-053-rc1-evidence/duplicate-inbound/duplicate-second-submit.json,evidence/docs,ea0e83f,2026-09-12T11:34:34+08:00,Document RC1 validation evidence and pinned artifacts [skip ci],ea0e83f,2026-09-12T11:34:34+08:00,Document RC1 validation evidence and pinned artifacts [skip ci]
A,docs/upgrades/sdk-053-rc1-evidence/duplicate-inbound/duplicate-send-result.json,evidence/docs,c980a75,2026-09-12T11:02:06+08:00,Prepare v0.5.0-rc.1 SDK bridge candidate and migration safeguards,ea0e83f,2026-09-12T11:34:34+08:00,Document RC1 validation evidence and pinned artifacts [skip ci]
A,docs/upgrades/sdk-053-rc1-evidence/duplicate-inbound/duplicate-summary.json,evidence/docs,ea0e83f,2026-09-12T11:34:34+08:00,Document RC1 validation evidence and pinned artifacts [skip ci],ea0e83f,2026-09-12T11:34:34+08:00,Document RC1 validation evidence and pinned artifacts [skip ci]
A,docs/upgrades/sdk-053-rc1-evidence/duplicate-inbound/duplicate-unsigned.json,evidence/docs,ea0e83f,2026-09-12T11:34:34+08:00,Document RC1 validation evidence and pinned artifacts [skip ci],ea0e83f,2026-09-12T11:34:34+08:00,Document RC1 validation evidence and pinned artifacts [skip ci]
A,docs/upgrades/sdk-053-rc1-evidence/duplicate-send-result.json,evidence/docs,c980a75,2026-09-12T11:02:06+08:00,Prepare v0.5.0-rc.1 SDK bridge candidate and migration safeguards,ea0e83f,2026-09-12T11:34:34+08:00,Document RC1 validation evidence and pinned artifacts [skip ci]
A,docs/upgrades/sdk-053-rc1-evidence/duplicate-send-submit.json,evidence/docs,ea0e83f,2026-09-12T11:34:34+08:00,Document RC1 validation evidence and pinned artifacts [skip ci],ea0e83f,2026-09-12T11:34:34+08:00,Document RC1 validation evidence and pinned artifacts [skip ci]
A,docs/upgrades/sdk-053-rc1-evidence/duplicate-valid-complete/duplicate-after-first.json,evidence/docs,c980a75,2026-09-12T11:02:06+08:00,Prepare v0.5.0-rc.1 SDK bridge candidate and migration safeguards,ea0e83f,2026-09-12T11:34:34+08:00,Document RC1 validation evidence and pinned artifacts [skip ci]
A,docs/upgrades/sdk-053-rc1-evidence/duplicate-valid-complete/duplicate-after-second.json,evidence/docs,c980a75,2026-09-12T11:02:06+08:00,Prepare v0.5.0-rc.1 SDK bridge candidate and migration safeguards,ea0e83f,2026-09-12T11:34:34+08:00,Document RC1 validation evidence and pinned artifacts [skip ci]
A,docs/upgrades/sdk-053-rc1-evidence/duplicate-valid-complete/duplicate-before.json,evidence/docs,c980a75,2026-09-12T11:02:06+08:00,Prepare v0.5.0-rc.1 SDK bridge candidate and migration safeguards,ea0e83f,2026-09-12T11:34:34+08:00,Document RC1 validation evidence and pinned artifacts [skip ci]
A,docs/upgrades/sdk-053-rc1-evidence/duplicate-valid-complete/duplicate-first-result.json,evidence/docs,c980a75,2026-09-12T11:02:06+08:00,Prepare v0.5.0-rc.1 SDK bridge candidate and migration safeguards,ea0e83f,2026-09-12T11:34:34+08:00,Document RC1 validation evidence and pinned artifacts [skip ci]
A,docs/upgrades/sdk-053-rc1-evidence/duplicate-valid-complete/duplicate-first-signed.json,evidence/docs,ea0e83f,2026-09-12T11:34:34+08:00,Document RC1 validation evidence and pinned artifacts [skip ci],ea0e83f,2026-09-12T11:34:34+08:00,Document RC1 validation evidence and pinned artifacts [skip ci]
A,docs/upgrades/sdk-053-rc1-evidence/duplicate-valid-complete/duplicate-first-submit.json,evidence/docs,ea0e83f,2026-09-12T11:34:34+08:00,Document RC1 validation evidence and pinned artifacts [skip ci],ea0e83f,2026-09-12T11:34:34+08:00,Document RC1 validation evidence and pinned artifacts [skip ci]
A,docs/upgrades/sdk-053-rc1-evidence/duplicate-valid-complete/duplicate-proof.json,evidence/docs,ea0e83f,2026-09-12T11:34:34+08:00,Document RC1 validation evidence and pinned artifacts [skip ci],ea0e83f,2026-09-12T11:34:34+08:00,Document RC1 validation evidence and pinned artifacts [skip ci]
A,docs/upgrades/sdk-053-rc1-evidence/duplicate-valid-complete/duplicate-second-signed.json,evidence/docs,ea0e83f,2026-09-12T11:34:34+08:00,Document RC1 validation evidence and pinned artifacts [skip ci],ea0e83f,2026-09-12T11:34:34+08:00,Document RC1 validation evidence and pinned artifacts [skip ci]
A,docs/upgrades/sdk-053-rc1-evidence/duplicate-valid-complete/duplicate-second-submit.json,evidence/docs,ea0e83f,2026-09-12T11:34:34+08:00,Document RC1 validation evidence and pinned artifacts [skip ci],ea0e83f,2026-09-12T11:34:34+08:00,Document RC1 validation evidence and pinned artifacts [skip ci]
A,docs/upgrades/sdk-053-rc1-evidence/duplicate-valid-complete/duplicate-send-result.json,evidence/docs,c980a75,2026-09-12T11:02:06+08:00,Prepare v0.5.0-rc.1 SDK bridge candidate and migration safeguards,ea0e83f,2026-09-12T11:34:34+08:00,Document RC1 validation evidence and pinned artifacts [skip ci]
A,docs/upgrades/sdk-053-rc1-evidence/duplicate-valid-complete/duplicate-send-submit.json,evidence/docs,ea0e83f,2026-09-12T11:34:34+08:00,Document RC1 validation evidence and pinned artifacts [skip ci],ea0e83f,2026-09-12T11:34:34+08:00,Document RC1 validation evidence and pinned artifacts [skip ci]
A,docs/upgrades/sdk-053-rc1-evidence/duplicate-valid-complete/duplicate-summary.json,evidence/docs,ea0e83f,2026-09-12T11:34:34+08:00,Document RC1 validation evidence and pinned artifacts [skip ci],ea0e83f,2026-09-12T11:34:34+08:00,Document RC1 validation evidence and pinned artifacts [skip ci]
A,docs/upgrades/sdk-053-rc1-evidence/duplicate-valid-complete/duplicate-unsigned.json,evidence/docs,ea0e83f,2026-09-12T11:34:34+08:00,Document RC1 validation evidence and pinned artifacts [skip ci],ea0e83f,2026-09-12T11:34:34+08:00,Document RC1 validation evidence and pinned artifacts [skip ci]
A,docs/upgrades/sdk-053-rc1-evidence/duplicate-valid-final/duplicate-before.json,evidence/docs,c980a75,2026-09-12T11:02:06+08:00,Prepare v0.5.0-rc.1 SDK bridge candidate and migration safeguards,ea0e83f,2026-09-12T11:34:34+08:00,Document RC1 validation evidence and pinned artifacts [skip ci]
A,docs/upgrades/sdk-053-rc1-evidence/duplicate-valid-final/duplicate-send-result.json,evidence/docs,c980a75,2026-09-12T11:02:06+08:00,Prepare v0.5.0-rc.1 SDK bridge candidate and migration safeguards,ea0e83f,2026-09-12T11:34:34+08:00,Document RC1 validation evidence and pinned artifacts [skip ci]
A,docs/upgrades/sdk-053-rc1-evidence/duplicate-valid-final/duplicate-send-submit.json,evidence/docs,ea0e83f,2026-09-12T11:34:34+08:00,Document RC1 validation evidence and pinned artifacts [skip ci],ea0e83f,2026-09-12T11:34:34+08:00,Document RC1 validation evidence and pinned artifacts [skip ci]
A,docs/upgrades/sdk-053-rc1-evidence/duplicate-valid-proof/duplicate-before.json,evidence/docs,c980a75,2026-09-12T11:02:06+08:00,Prepare v0.5.0-rc.1 SDK bridge candidate and migration safeguards,ea0e83f,2026-09-12T11:34:34+08:00,Document RC1 validation evidence and pinned artifacts [skip ci]
A,docs/upgrades/sdk-053-rc1-evidence/duplicate-valid-proof/duplicate-proof.json,evidence/docs,ea0e83f,2026-09-12T11:34:34+08:00,Document RC1 validation evidence and pinned artifacts [skip ci],ea0e83f,2026-09-12T11:34:34+08:00,Document RC1 validation evidence and pinned artifacts [skip ci]
A,docs/upgrades/sdk-053-rc1-evidence/duplicate-valid-proof/duplicate-send-result.json,evidence/docs,c980a75,2026-09-12T11:02:06+08:00,Prepare v0.5.0-rc.1 SDK bridge candidate and migration safeguards,ea0e83f,2026-09-12T11:34:34+08:00,Document RC1 validation evidence and pinned artifacts [skip ci]
A,docs/upgrades/sdk-053-rc1-evidence/duplicate-valid-proof/duplicate-send-submit.json,evidence/docs,ea0e83f,2026-09-12T11:34:34+08:00,Document RC1 validation evidence and pinned artifacts [skip ci],ea0e83f,2026-09-12T11:34:34+08:00,Document RC1 validation evidence and pinned artifacts [skip ci]
A,docs/upgrades/sdk-053-rc1-evidence/duplicate-valid/duplicate-before.json,evidence/docs,c980a75,2026-09-12T11:02:06+08:00,Prepare v0.5.0-rc.1 SDK bridge candidate and migration safeguards,ea0e83f,2026-09-12T11:34:34+08:00,Document RC1 validation evidence and pinned artifacts [skip ci]
A,docs/upgrades/sdk-053-rc1-evidence/duplicate-valid/duplicate-send-result.json,evidence/docs,c980a75,2026-09-12T11:02:06+08:00,Prepare v0.5.0-rc.1 SDK bridge candidate and migration safeguards,ea0e83f,2026-09-12T11:34:34+08:00,Document RC1 validation evidence and pinned artifacts [skip ci]
A,docs/upgrades/sdk-053-rc1-evidence/duplicate-valid/duplicate-send-submit.json,evidence/docs,ea0e83f,2026-09-12T11:34:34+08:00,Document RC1 validation evidence and pinned artifacts [skip ci],ea0e83f,2026-09-12T11:34:34+08:00,Document RC1 validation evidence and pinned artifacts [skip ci]
A,docs/upgrades/sdk-053-rc1-evidence/final-artifacts.json,evidence/docs,ea0e83f,2026-09-12T11:34:34+08:00,Document RC1 validation evidence and pinned artifacts [skip ci],ea0e83f,2026-09-12T11:34:34+08:00,Document RC1 validation evidence and pinned artifacts [skip ci]
A,docs/upgrades/sdk-053-rc1-evidence/final-ci.json,evidence/docs,ea0e83f,2026-09-12T11:34:34+08:00,Document RC1 validation evidence and pinned artifacts [skip ci],ea0e83f,2026-09-12T11:34:34+08:00,Document RC1 validation evidence and pinned artifacts [skip ci]
A,docs/upgrades/sdk-053-rc1-evidence/historical-rpc-errors-rechecked.json,evidence/docs,ea0e83f,2026-09-12T11:34:34+08:00,Document RC1 validation evidence and pinned artifacts [skip ci],ea0e83f,2026-09-12T11:34:34+08:00,Document RC1 validation evidence and pinned artifacts [skip ci]
A,docs/upgrades/sdk-053-rc1-evidence/load-sustained/queries.json,evidence/docs,ea0e83f,2026-09-12T11:34:34+08:00,Document RC1 validation evidence and pinned artifacts [skip ci],ea0e83f,2026-09-12T11:34:34+08:00,Document RC1 validation evidence and pinned artifacts [skip ci]
A,docs/upgrades/sdk-053-rc1-evidence/load-sustained/resources.json,evidence/docs,ea0e83f,2026-09-12T11:34:34+08:00,Document RC1 validation evidence and pinned artifacts [skip ci],ea0e83f,2026-09-12T11:34:34+08:00,Document RC1 validation evidence and pinned artifacts [skip ci]
A,docs/upgrades/sdk-053-rc1-evidence/load-sustained/results.json,evidence/docs,ea0e83f,2026-09-12T11:34:34+08:00,Document RC1 validation evidence and pinned artifacts [skip ci],ea0e83f,2026-09-12T11:34:34+08:00,Document RC1 validation evidence and pinned artifacts [skip ci]
A,docs/upgrades/sdk-053-rc1-evidence/load/queries.json,evidence/docs,ea0e83f,2026-09-12T11:34:34+08:00,Document RC1 validation evidence and pinned artifacts [skip ci],ea0e83f,2026-09-12T11:34:34+08:00,Document RC1 validation evidence and pinned artifacts [skip ci]
A,docs/upgrades/sdk-053-rc1-evidence/load/resources.json,evidence/docs,ea0e83f,2026-09-12T11:34:34+08:00,Document RC1 validation evidence and pinned artifacts [skip ci],ea0e83f,2026-09-12T11:34:34+08:00,Document RC1 validation evidence and pinned artifacts [skip ci]
A,docs/upgrades/sdk-053-rc1-evidence/load/results.json,evidence/docs,ea0e83f,2026-09-12T11:34:34+08:00,Document RC1 validation evidence and pinned artifacts [skip ci],ea0e83f,2026-09-12T11:34:34+08:00,Document RC1 validation evidence and pinned artifacts [skip ci]
A,docs/upgrades/sdk-053-rc1-evidence/rc-consistency.json,evidence/docs,ea0e83f,2026-09-12T11:34:34+08:00,Document RC1 validation evidence and pinned artifacts [skip ci],ea0e83f,2026-09-12T11:34:34+08:00,Document RC1 validation evidence and pinned artifacts [skip ci]
A,docs/upgrades/sdk-053-rc1-evidence/rc-runtime-duplicate-in/duplicate-after-first.json,evidence/docs,ea0e83f,2026-09-12T11:34:34+08:00,Document RC1 validation evidence and pinned artifacts [skip ci],ea0e83f,2026-09-12T11:34:34+08:00,Document RC1 validation evidence and pinned artifacts [skip ci]
A,docs/upgrades/sdk-053-rc1-evidence/rc-runtime-duplicate-in/duplicate-after-second.json,evidence/docs,ea0e83f,2026-09-12T11:34:34+08:00,Document RC1 validation evidence and pinned artifacts [skip ci],ea0e83f,2026-09-12T11:34:34+08:00,Document RC1 validation evidence and pinned artifacts [skip ci]
A,docs/upgrades/sdk-053-rc1-evidence/rc-runtime-duplicate-in/duplicate-before.json,evidence/docs,ea0e83f,2026-09-12T11:34:34+08:00,Document RC1 validation evidence and pinned artifacts [skip ci],ea0e83f,2026-09-12T11:34:34+08:00,Document RC1 validation evidence and pinned artifacts [skip ci]
A,docs/upgrades/sdk-053-rc1-evidence/rc-runtime-duplicate-in/duplicate-first-result.json,evidence/docs,c980a75,2026-09-12T11:02:06+08:00,Prepare v0.5.0-rc.1 SDK bridge candidate and migration safeguards,ea0e83f,2026-09-12T11:34:34+08:00,Document RC1 validation evidence and pinned artifacts [skip ci]
A,docs/upgrades/sdk-053-rc1-evidence/rc-runtime-duplicate-in/duplicate-first-signed.json,evidence/docs,ea0e83f,2026-09-12T11:34:34+08:00,Document RC1 validation evidence and pinned artifacts [skip ci],ea0e83f,2026-09-12T11:34:34+08:00,Document RC1 validation evidence and pinned artifacts [skip ci]
A,docs/upgrades/sdk-053-rc1-evidence/rc-runtime-duplicate-in/duplicate-first-submit.json,evidence/docs,ea0e83f,2026-09-12T11:34:34+08:00,Document RC1 validation evidence and pinned artifacts [skip ci],ea0e83f,2026-09-12T11:34:34+08:00,Document RC1 validation evidence and pinned artifacts [skip ci]
A,docs/upgrades/sdk-053-rc1-evidence/rc-runtime-duplicate-in/duplicate-proof.json,evidence/docs,ea0e83f,2026-09-12T11:34:34+08:00,Document RC1 validation evidence and pinned artifacts [skip ci],ea0e83f,2026-09-12T11:34:34+08:00,Document RC1 validation evidence and pinned artifacts [skip ci]
A,docs/upgrades/sdk-053-rc1-evidence/rc-runtime-duplicate-in/duplicate-second-signed.json,evidence/docs,ea0e83f,2026-09-12T11:34:34+08:00,Document RC1 validation evidence and pinned artifacts [skip ci],ea0e83f,2026-09-12T11:34:34+08:00,Document RC1 validation evidence and pinned artifacts [skip ci]
A,docs/upgrades/sdk-053-rc1-evidence/rc-runtime-duplicate-in/duplicate-second-submit.json,evidence/docs,ea0e83f,2026-09-12T11:34:34+08:00,Document RC1 validation evidence and pinned artifacts [skip ci],ea0e83f,2026-09-12T11:34:34+08:00,Document RC1 validation evidence and pinned artifacts [skip ci]
A,docs/upgrades/sdk-053-rc1-evidence/rc-runtime-duplicate-in/duplicate-send-result.json,evidence/docs,c980a75,2026-09-12T11:02:06+08:00,Prepare v0.5.0-rc.1 SDK bridge candidate and migration safeguards,ea0e83f,2026-09-12T11:34:34+08:00,Document RC1 validation evidence and pinned artifacts [skip ci]
A,docs/upgrades/sdk-053-rc1-evidence/rc-runtime-duplicate-in/duplicate-summary.json,evidence/docs,ea0e83f,2026-09-12T11:34:34+08:00,Document RC1 validation evidence and pinned artifacts [skip ci],ea0e83f,2026-09-12T11:34:34+08:00,Document RC1 validation evidence and pinned artifacts [skip ci]
A,docs/upgrades/sdk-053-rc1-evidence/rc-runtime-duplicate-in/duplicate-unsigned.json,evidence/docs,ea0e83f,2026-09-12T11:34:34+08:00,Document RC1 validation evidence and pinned artifacts [skip ci],ea0e83f,2026-09-12T11:34:34+08:00,Document RC1 validation evidence and pinned artifacts [skip ci]
A,docs/upgrades/sdk-053-rc1-evidence/rc-runtime-duplicate-out/duplicate-after-first.json,evidence/docs,c980a75,2026-09-12T11:02:06+08:00,Prepare v0.5.0-rc.1 SDK bridge candidate and migration safeguards,ea0e83f,2026-09-12T11:34:34+08:00,Document RC1 validation evidence and pinned artifacts [skip ci]
A,docs/upgrades/sdk-053-rc1-evidence/rc-runtime-duplicate-out/duplicate-after-second.json,evidence/docs,c980a75,2026-09-12T11:02:06+08:00,Prepare v0.5.0-rc.1 SDK bridge candidate and migration safeguards,ea0e83f,2026-09-12T11:34:34+08:00,Document RC1 validation evidence and pinned artifacts [skip ci]
A,docs/upgrades/sdk-053-rc1-evidence/rc-runtime-duplicate-out/duplicate-before.json,evidence/docs,ea0e83f,2026-09-12T11:34:34+08:00,Document RC1 validation evidence and pinned artifacts [skip ci],ea0e83f,2026-09-12T11:34:34+08:00,Document RC1 validation evidence and pinned artifacts [skip ci]
A,docs/upgrades/sdk-053-rc1-evidence/rc-runtime-duplicate-out/duplicate-first-result.json,evidence/docs,c980a75,2026-09-12T11:02:06+08:00,Prepare v0.5.0-rc.1 SDK bridge candidate and migration safeguards,ea0e83f,2026-09-12T11:34:34+08:00,Document RC1 validation evidence and pinned artifacts [skip ci]
A,docs/upgrades/sdk-053-rc1-evidence/rc-runtime-duplicate-out/duplicate-first-signed.json,evidence/docs,ea0e83f,2026-09-12T11:34:34+08:00,Document RC1 validation evidence and pinned artifacts [skip ci],ea0e83f,2026-09-12T11:34:34+08:00,Document RC1 validation evidence and pinned artifacts [skip ci]
A,docs/upgrades/sdk-053-rc1-evidence/rc-runtime-duplicate-out/duplicate-first-submit.json,evidence/docs,ea0e83f,2026-09-12T11:34:34+08:00,Document RC1 validation evidence and pinned artifacts [skip ci],ea0e83f,2026-09-12T11:34:34+08:00,Document RC1 validation evidence and pinned artifacts [skip ci]
A,docs/upgrades/sdk-053-rc1-evidence/rc-runtime-duplicate-out/duplicate-proof.json,evidence/docs,ea0e83f,2026-09-12T11:34:34+08:00,Document RC1 validation evidence and pinned artifacts [skip ci],ea0e83f,2026-09-12T11:34:34+08:00,Document RC1 validation evidence and pinned artifacts [skip ci]
A,docs/upgrades/sdk-053-rc1-evidence/rc-runtime-duplicate-out/duplicate-second-signed.json,evidence/docs,ea0e83f,2026-09-12T11:34:34+08:00,Document RC1 validation evidence and pinned artifacts [skip ci],ea0e83f,2026-09-12T11:34:34+08:00,Document RC1 validation evidence and pinned artifacts [skip ci]
A,docs/upgrades/sdk-053-rc1-evidence/rc-runtime-duplicate-out/duplicate-second-submit.json,evidence/docs,ea0e83f,2026-09-12T11:34:34+08:00,Document RC1 validation evidence and pinned artifacts [skip ci],ea0e83f,2026-09-12T11:34:34+08:00,Document RC1 validation evidence and pinned artifacts [skip ci]
A,docs/upgrades/sdk-053-rc1-evidence/rc-runtime-duplicate-out/duplicate-send-result.json,evidence/docs,c980a75,2026-09-12T11:02:06+08:00,Prepare v0.5.0-rc.1 SDK bridge candidate and migration safeguards,ea0e83f,2026-09-12T11:34:34+08:00,Document RC1 validation evidence and pinned artifacts [skip ci]
A,docs/upgrades/sdk-053-rc1-evidence/rc-runtime-duplicate-out/duplicate-send-submit.json,evidence/docs,ea0e83f,2026-09-12T11:34:34+08:00,Document RC1 validation evidence and pinned artifacts [skip ci],ea0e83f,2026-09-12T11:34:34+08:00,Document RC1 validation evidence and pinned artifacts [skip ci]
A,docs/upgrades/sdk-053-rc1-evidence/rc-runtime-duplicate-out/duplicate-summary.json,evidence/docs,ea0e83f,2026-09-12T11:34:34+08:00,Document RC1 validation evidence and pinned artifacts [skip ci],ea0e83f,2026-09-12T11:34:34+08:00,Document RC1 validation evidence and pinned artifacts [skip ci]
A,docs/upgrades/sdk-053-rc1-evidence/rc-runtime-duplicate-out/duplicate-unsigned.json,evidence/docs,ea0e83f,2026-09-12T11:34:34+08:00,Document RC1 validation evidence and pinned artifacts [skip ci],ea0e83f,2026-09-12T11:34:34+08:00,Document RC1 validation evidence and pinned artifacts [skip ci]
A,docs/upgrades/sdk-053-rc1-evidence/rc-runtime-rollout.json,evidence/docs,ea0e83f,2026-09-12T11:34:34+08:00,Document RC1 validation evidence and pinned artifacts [skip ci],ea0e83f,2026-09-12T11:34:34+08:00,Document RC1 validation evidence and pinned artifacts [skip ci]
A,docs/upgrades/sdk-053-rc1-evidence/rc-simulations.json,evidence/docs,c980a75,2026-09-12T11:02:06+08:00,Prepare v0.5.0-rc.1 SDK bridge candidate and migration safeguards,ea0e83f,2026-09-12T11:34:34+08:00,Document RC1 validation evidence and pinned artifacts [skip ci]
A,docs/upgrades/sdk-053-rc1-evidence/rc-state-sync-milestones.log,evidence/docs,ea0e83f,2026-09-12T11:34:34+08:00,Document RC1 validation evidence and pinned artifacts [skip ci],ea0e83f,2026-09-12T11:34:34+08:00,Document RC1 validation evidence and pinned artifacts [skip ci]
A,docs/upgrades/sdk-053-rc1-evidence/rc-state-sync-result.json,evidence/docs,ea0e83f,2026-09-12T11:34:34+08:00,Document RC1 validation evidence and pinned artifacts [skip ci],ea0e83f,2026-09-12T11:34:34+08:00,Document RC1 validation evidence and pinned artifacts [skip ci]
A,docs/upgrades/sdk-053-rc1-evidence/rc-tests.log,evidence/docs,ea0e83f,2026-09-12T11:34:34+08:00,Document RC1 validation evidence and pinned artifacts [skip ci],ea0e83f,2026-09-12T11:34:34+08:00,Document RC1 validation evidence and pinned artifacts [skip ci]
A,docs/upgrades/sdk-053-rc1-evidence/rc-vota-inflight-node0-recent-errors.log,evidence/docs,ea0e83f,2026-09-12T11:34:34+08:00,Document RC1 validation evidence and pinned artifacts [skip ci],ea0e83f,2026-09-12T11:34:34+08:00,Document RC1 validation evidence and pinned artifacts [skip ci]
A,docs/upgrades/sdk-053-rc1-evidence/rc-vota-inflight-node1-recent-errors.log,evidence/docs,ea0e83f,2026-09-12T11:34:34+08:00,Document RC1 validation evidence and pinned artifacts [skip ci],ea0e83f,2026-09-12T11:34:34+08:00,Document RC1 validation evidence and pinned artifacts [skip ci]
A,docs/upgrades/sdk-053-rc1-evidence/rc-vota-inflight-node2-recent-errors.log,evidence/docs,ea0e83f,2026-09-12T11:34:34+08:00,Document RC1 validation evidence and pinned artifacts [skip ci],ea0e83f,2026-09-12T11:34:34+08:00,Document RC1 validation evidence and pinned artifacts [skip ci]
A,docs/upgrades/sdk-053-rc1-evidence/rc-vota-inflight-node3-recent-errors.log,evidence/docs,ea0e83f,2026-09-12T11:34:34+08:00,Document RC1 validation evidence and pinned artifacts [skip ci],ea0e83f,2026-09-12T11:34:34+08:00,Document RC1 validation evidence and pinned artifacts [skip ci]
A,docs/upgrades/sdk-053-rc1-evidence/sha256sum.txt,evidence/docs,ea0e83f,2026-09-12T11:34:34+08:00,Document RC1 validation evidence and pinned artifacts [skip ci],ea0e83f,2026-09-12T11:34:34+08:00,Document RC1 validation evidence and pinned artifacts [skip ci]
A,docs/upgrades/sdk-053-rc1-evidence/state-sync-milestones.log,evidence/docs,ea0e83f,2026-09-12T11:34:34+08:00,Document RC1 validation evidence and pinned artifacts [skip ci],ea0e83f,2026-09-12T11:34:34+08:00,Document RC1 validation evidence and pinned artifacts [skip ci]
A,docs/upgrades/sdk-053-rc1-evidence/state-sync-result.json,evidence/docs,ea0e83f,2026-09-12T11:34:34+08:00,Document RC1 validation evidence and pinned artifacts [skip ci],ea0e83f,2026-09-12T11:34:34+08:00,Document RC1 validation evidence and pinned artifacts [skip ci]
A,docs/upgrades/sdk-053-rc1-evidence/state-sync-start.json,evidence/docs,ea0e83f,2026-09-12T11:34:34+08:00,Document RC1 validation evidence and pinned artifacts [skip ci],ea0e83f,2026-09-12T11:34:34+08:00,Document RC1 validation evidence and pinned artifacts [skip ci]
A,docs/upgrades/sdk-053-rc1-evidence/state-sync-wasm-files.json,evidence/docs,ea0e83f,2026-09-12T11:34:34+08:00,Document RC1 validation evidence and pinned artifacts [skip ci],ea0e83f,2026-09-12T11:34:34+08:00,Document RC1 validation evidence and pinned artifacts [skip ci]
A,docs/upgrades/sdk-053-rc1-evidence/vota-inflight-node0-recent-errors.log,evidence/docs,ea0e83f,2026-09-12T11:34:34+08:00,Document RC1 validation evidence and pinned artifacts [skip ci],ea0e83f,2026-09-12T11:34:34+08:00,Document RC1 validation evidence and pinned artifacts [skip ci]
A,docs/upgrades/sdk-053-rc1-evidence/vota-inflight-node1-recent-errors.log,evidence/docs,ea0e83f,2026-09-12T11:34:34+08:00,Document RC1 validation evidence and pinned artifacts [skip ci],ea0e83f,2026-09-12T11:34:34+08:00,Document RC1 validation evidence and pinned artifacts [skip ci]
A,docs/upgrades/sdk-053-rc1-evidence/vota-inflight-node2-recent-errors.log,evidence/docs,ea0e83f,2026-09-12T11:34:34+08:00,Document RC1 validation evidence and pinned artifacts [skip ci],ea0e83f,2026-09-12T11:34:34+08:00,Document RC1 validation evidence and pinned artifacts [skip ci]
A,docs/upgrades/sdk-053-rc1-evidence/vota-inflight-node3-recent-errors.log,evidence/docs,ea0e83f,2026-09-12T11:34:34+08:00,Document RC1 validation evidence and pinned artifacts [skip ci],ea0e83f,2026-09-12T11:34:34+08:00,Document RC1 validation evidence and pinned artifacts [skip ci]
A,docs/upgrades/sdk-053-rehearsal-evidence/README.md,evidence/docs,c980a75,2026-09-12T11:02:06+08:00,Prepare v0.5.0-rc.1 SDK bridge candidate and migration safeguards,c980a75,2026-09-12T11:02:06+08:00,Prepare v0.5.0-rc.1 SDK bridge candidate and migration safeguards
A,docs/upgrades/sdk-053-rehearsal-evidence/all-four-restarted.json,evidence/docs,c980a75,2026-09-12T11:02:06+08:00,Prepare v0.5.0-rc.1 SDK bridge candidate and migration safeguards,c980a75,2026-09-12T11:02:06+08:00,Prepare v0.5.0-rc.1 SDK bridge candidate and migration safeguards
A,docs/upgrades/sdk-053-rehearsal-evidence/auth-functional.log,evidence/docs,c980a75,2026-09-12T11:02:06+08:00,Prepare v0.5.0-rc.1 SDK bridge candidate and migration safeguards,c980a75,2026-09-12T11:02:06+08:00,Prepare v0.5.0-rc.1 SDK bridge candidate and migration safeguards
A,docs/upgrades/sdk-053-rehearsal-evidence/boundary-stores.summary.json,evidence/docs,c980a75,2026-09-12T11:02:06+08:00,Prepare v0.5.0-rc.1 SDK bridge candidate and migration safeguards,c980a75,2026-09-12T11:02:06+08:00,Prepare v0.5.0-rc.1 SDK bridge candidate and migration safeguards
A,docs/upgrades/sdk-053-rehearsal-evidence/bridge-authz-exec-result.json,evidence/docs,c980a75,2026-09-12T11:02:06+08:00,Prepare v0.5.0-rc.1 SDK bridge candidate and migration safeguards,c980a75,2026-09-12T11:02:06+08:00,Prepare v0.5.0-rc.1 SDK bridge candidate and migration safeguards
A,docs/upgrades/sdk-053-rehearsal-evidence/bridge-authz-grant-result.json,evidence/docs,c980a75,2026-09-12T11:02:06+08:00,Prepare v0.5.0-rc.1 SDK bridge candidate and migration safeguards,c980a75,2026-09-12T11:02:06+08:00,Prepare v0.5.0-rc.1 SDK bridge candidate and migration safeguards
A,docs/upgrades/sdk-053-rehearsal-evidence/bridge-authz-grant-submit.json,evidence/docs,c980a75,2026-09-12T11:02:06+08:00,Prepare v0.5.0-rc.1 SDK bridge candidate and migration safeguards,c980a75,2026-09-12T11:02:06+08:00,Prepare v0.5.0-rc.1 SDK bridge candidate and migration safeguards
A,docs/upgrades/sdk-053-rehearsal-evidence/bridge-authz-revoke-result.json,evidence/docs,c980a75,2026-09-12T11:02:06+08:00,Prepare v0.5.0-rc.1 SDK bridge candidate and migration safeguards,c980a75,2026-09-12T11:02:06+08:00,Prepare v0.5.0-rc.1 SDK bridge candidate and migration safeguards
A,docs/upgrades/sdk-053-rehearsal-evidence/bridge-authz-revoke-submit.json,evidence/docs,c980a75,2026-09-12T11:02:06+08:00,Prepare v0.5.0-rc.1 SDK bridge candidate and migration safeguards,c980a75,2026-09-12T11:02:06+08:00,Prepare v0.5.0-rc.1 SDK bridge candidate and migration safeguards
A,docs/upgrades/sdk-053-rehearsal-evidence/bridge-contract-smart.json,evidence/docs,c980a75,2026-09-12T11:02:06+08:00,Prepare v0.5.0-rc.1 SDK bridge candidate and migration safeguards,c980a75,2026-09-12T11:02:06+08:00,Prepare v0.5.0-rc.1 SDK bridge candidate and migration safeguards
A,docs/upgrades/sdk-053-rehearsal-evidence/bridge-delegate-result.json,evidence/docs,c980a75,2026-09-12T11:02:06+08:00,Prepare v0.5.0-rc.1 SDK bridge candidate and migration safeguards,c980a75,2026-09-12T11:02:06+08:00,Prepare v0.5.0-rc.1 SDK bridge candidate and migration safeguards
A,docs/upgrades/sdk-053-rehearsal-evidence/bridge-delegate-submit.json,evidence/docs,c980a75,2026-09-12T11:02:06+08:00,Prepare v0.5.0-rc.1 SDK bridge candidate and migration safeguards,c980a75,2026-09-12T11:02:06+08:00,Prepare v0.5.0-rc.1 SDK bridge candidate and migration safeguards
A,docs/upgrades/sdk-053-rehearsal-evidence/bridge-feegrant-grant-result.json,evidence/docs,c980a75,2026-09-12T11:02:06+08:00,Prepare v0.5.0-rc.1 SDK bridge candidate and migration safeguards,c980a75,2026-09-12T11:02:06+08:00,Prepare v0.5.0-rc.1 SDK bridge candidate and migration safeguards
A,docs/upgrades/sdk-053-rehearsal-evidence/bridge-feegrant-grant-submit.json,evidence/docs,c980a75,2026-09-12T11:02:06+08:00,Prepare v0.5.0-rc.1 SDK bridge candidate and migration safeguards,c980a75,2026-09-12T11:02:06+08:00,Prepare v0.5.0-rc.1 SDK bridge candidate and migration safeguards
A,docs/upgrades/sdk-053-rehearsal-evidence/bridge-feegrant-revoke-result.json,evidence/docs,c980a75,2026-09-12T11:02:06+08:00,Prepare v0.5.0-rc.1 SDK bridge candidate and migration safeguards,c980a75,2026-09-12T11:02:06+08:00,Prepare v0.5.0-rc.1 SDK bridge candidate and migration safeguards
A,docs/upgrades/sdk-053-rehearsal-evidence/bridge-feegrant-revoke-submit.json,evidence/docs,c980a75,2026-09-12T11:02:06+08:00,Prepare v0.5.0-rc.1 SDK bridge candidate and migration safeguards,c980a75,2026-09-12T11:02:06+08:00,Prepare v0.5.0-rc.1 SDK bridge candidate and migration safeguards
A,docs/upgrades/sdk-053-rehearsal-evidence/bridge-feegrant-use-result.json,evidence/docs,c980a75,2026-09-12T11:02:06+08:00,Prepare v0.5.0-rc.1 SDK bridge candidate and migration safeguards,c980a75,2026-09-12T11:02:06+08:00,Prepare v0.5.0-rc.1 SDK bridge candidate and migration safeguards
A,docs/upgrades/sdk-053-rehearsal-evidence/bridge-fund-relayer-result.json,evidence/docs,c980a75,2026-09-12T11:02:06+08:00,Prepare v0.5.0-rc.1 SDK bridge candidate and migration safeguards,c980a75,2026-09-12T11:02:06+08:00,Prepare v0.5.0-rc.1 SDK bridge candidate and migration safeguards
A,docs/upgrades/sdk-053-rehearsal-evidence/bridge-fund-relayer-submit.json,evidence/docs,c980a75,2026-09-12T11:02:06+08:00,Prepare v0.5.0-rc.1 SDK bridge candidate and migration safeguards,c980a75,2026-09-12T11:02:06+08:00,Prepare v0.5.0-rc.1 SDK bridge candidate and migration safeguards
A,docs/upgrades/sdk-053-rehearsal-evidence/bridge-group-create-result.json,evidence/docs,c980a75,2026-09-12T11:02:06+08:00,Prepare v0.5.0-rc.1 SDK bridge candidate and migration safeguards,c980a75,2026-09-12T11:02:06+08:00,Prepare v0.5.0-rc.1 SDK bridge candidate and migration safeguards
A,docs/upgrades/sdk-053-rehearsal-evidence/bridge-group-create-submit.json,evidence/docs,c980a75,2026-09-12T11:02:06+08:00,Prepare v0.5.0-rc.1 SDK bridge candidate and migration safeguards,c980a75,2026-09-12T11:02:06+08:00,Prepare v0.5.0-rc.1 SDK bridge candidate and migration safeguards
A,docs/upgrades/sdk-053-rehearsal-evidence/bridge-ibc-send-result.json,evidence/docs,c980a75,2026-09-12T11:02:06+08:00,Prepare v0.5.0-rc.1 SDK bridge candidate and migration safeguards,c980a75,2026-09-12T11:02:06+08:00,Prepare v0.5.0-rc.1 SDK bridge candidate and migration safeguards
A,docs/upgrades/sdk-053-rehearsal-evidence/bridge-ibc-send-submit.json,evidence/docs,c980a75,2026-09-12T11:02:06+08:00,Prepare v0.5.0-rc.1 SDK bridge candidate and migration safeguards,c980a75,2026-09-12T11:02:06+08:00,Prepare v0.5.0-rc.1 SDK bridge candidate and migration safeguards
A,docs/upgrades/sdk-053-rehearsal-evidence/bridge-ibc-timeout-send-result.json,evidence/docs,c980a75,2026-09-12T11:02:06+08:00,Prepare v0.5.0-rc.1 SDK bridge candidate and migration safeguards,c980a75,2026-09-12T11:02:06+08:00,Prepare v0.5.0-rc.1 SDK bridge candidate and migration safeguards
A,docs/upgrades/sdk-053-rehearsal-evidence/bridge-ibc-timeout-send-submit.json,evidence/docs,c980a75,2026-09-12T11:02:06+08:00,Prepare v0.5.0-rc.1 SDK bridge candidate and migration safeguards,c980a75,2026-09-12T11:02:06+08:00,Prepare v0.5.0-rc.1 SDK bridge candidate and migration safeguards
A,docs/upgrades/sdk-053-rehearsal-evidence/bridge-ica-register-result.json,evidence/docs,c980a75,2026-09-12T11:02:06+08:00,Prepare v0.5.0-rc.1 SDK bridge candidate and migration safeguards,c980a75,2026-09-12T11:02:06+08:00,Prepare v0.5.0-rc.1 SDK bridge candidate and migration safeguards
A,docs/upgrades/sdk-053-rehearsal-evidence/bridge-ica-register-submit.json,evidence/docs,c980a75,2026-09-12T11:02:06+08:00,Prepare v0.5.0-rc.1 SDK bridge candidate and migration safeguards,c980a75,2026-09-12T11:02:06+08:00,Prepare v0.5.0-rc.1 SDK bridge candidate and migration safeguards
A,docs/upgrades/sdk-053-rehearsal-evidence/bridge-ica-send-result.json,evidence/docs,c980a75,2026-09-12T11:02:06+08:00,Prepare v0.5.0-rc.1 SDK bridge candidate and migration safeguards,c980a75,2026-09-12T11:02:06+08:00,Prepare v0.5.0-rc.1 SDK bridge candidate and migration safeguards
A,docs/upgrades/sdk-053-rehearsal-evidence/bridge-ica-send-submit.json,evidence/docs,c980a75,2026-09-12T11:02:06+08:00,Prepare v0.5.0-rc.1 SDK bridge candidate and migration safeguards,c980a75,2026-09-12T11:02:06+08:00,Prepare v0.5.0-rc.1 SDK bridge candidate and migration safeguards
A,docs/upgrades/sdk-053-rehearsal-evidence/bridge-old-contract-execute-result.json,evidence/docs,c980a75,2026-09-12T11:02:06+08:00,Prepare v0.5.0-rc.1 SDK bridge candidate and migration safeguards,c980a75,2026-09-12T11:02:06+08:00,Prepare v0.5.0-rc.1 SDK bridge candidate and migration safeguards
A,docs/upgrades/sdk-053-rehearsal-evidence/bridge-old-contract-execute-submit.json,evidence/docs,c980a75,2026-09-12T11:02:06+08:00,Prepare v0.5.0-rc.1 SDK bridge candidate and migration safeguards,c980a75,2026-09-12T11:02:06+08:00,Prepare v0.5.0-rc.1 SDK bridge candidate and migration safeguards
A,docs/upgrades/sdk-053-rehearsal-evidence/bridge-rewards-result.json,evidence/docs,c980a75,2026-09-12T11:02:06+08:00,Prepare v0.5.0-rc.1 SDK bridge candidate and migration safeguards,c980a75,2026-09-12T11:02:06+08:00,Prepare v0.5.0-rc.1 SDK bridge candidate and migration safeguards
A,docs/upgrades/sdk-053-rehearsal-evidence/bridge-rewards-submit.json,evidence/docs,c980a75,2026-09-12T11:02:06+08:00,Prepare v0.5.0-rc.1 SDK bridge candidate and migration safeguards,c980a75,2026-09-12T11:02:06+08:00,Prepare v0.5.0-rc.1 SDK bridge candidate and migration safeguards
A,docs/upgrades/sdk-053-rehearsal-evidence/bridge-send-result.json,evidence/docs,c980a75,2026-09-12T11:02:06+08:00,Prepare v0.5.0-rc.1 SDK bridge candidate and migration safeguards,c980a75,2026-09-12T11:02:06+08:00,Prepare v0.5.0-rc.1 SDK bridge candidate and migration safeguards
A,docs/upgrades/sdk-053-rehearsal-evidence/bridge-send-submit.json,evidence/docs,c980a75,2026-09-12T11:02:06+08:00,Prepare v0.5.0-rc.1 SDK bridge candidate and migration safeguards,c980a75,2026-09-12T11:02:06+08:00,Prepare v0.5.0-rc.1 SDK bridge candidate and migration safeguards
A,docs/upgrades/sdk-053-rehearsal-evidence/bridge-undelegate-result.json,evidence/docs,c980a75,2026-09-12T11:02:06+08:00,Prepare v0.5.0-rc.1 SDK bridge candidate and migration safeguards,c980a75,2026-09-12T11:02:06+08:00,Prepare v0.5.0-rc.1 SDK bridge candidate and migration safeguards
A,docs/upgrades/sdk-053-rehearsal-evidence/bridge-undelegate-submit.json,evidence/docs,c980a75,2026-09-12T11:02:06+08:00,Prepare v0.5.0-rc.1 SDK bridge candidate and migration safeguards,c980a75,2026-09-12T11:02:06+08:00,Prepare v0.5.0-rc.1 SDK bridge candidate and migration safeguards
A,docs/upgrades/sdk-053-rehearsal-evidence/candidate-source-manifest.json,evidence/docs,c980a75,2026-09-12T11:02:06+08:00,Prepare v0.5.0-rc.1 SDK bridge candidate and migration safeguards,c980a75,2026-09-12T11:02:06+08:00,Prepare v0.5.0-rc.1 SDK bridge candidate and migration safeguards
A,docs/upgrades/sdk-053-rehearsal-evidence/final-binary.sha256,evidence/docs,c980a75,2026-09-12T11:02:06+08:00,Prepare v0.5.0-rc.1 SDK bridge candidate and migration safeguards,c980a75,2026-09-12T11:02:06+08:00,Prepare v0.5.0-rc.1 SDK bridge candidate and migration safeguards
A,docs/upgrades/sdk-053-rehearsal-evidence/final-four-node-consistency.json,evidence/docs,c980a75,2026-09-12T11:02:06+08:00,Prepare v0.5.0-rc.1 SDK bridge candidate and migration safeguards,c980a75,2026-09-12T11:02:06+08:00,Prepare v0.5.0-rc.1 SDK bridge candidate and migration safeguards
A,docs/upgrades/sdk-053-rehearsal-evidence/final-migration-replay.json,evidence/docs,c980a75,2026-09-12T11:02:06+08:00,Prepare v0.5.0-rc.1 SDK bridge candidate and migration safeguards,c980a75,2026-09-12T11:02:06+08:00,Prepare v0.5.0-rc.1 SDK bridge candidate and migration safeguards
A,docs/upgrades/sdk-053-rehearsal-evidence/final-replay-abci.json,evidence/docs,c980a75,2026-09-12T11:02:06+08:00,Prepare v0.5.0-rc.1 SDK bridge candidate and migration safeguards,c980a75,2026-09-12T11:02:06+08:00,Prepare v0.5.0-rc.1 SDK bridge candidate and migration safeguards
A,docs/upgrades/sdk-053-rehearsal-evidence/final-resource-sample.txt,evidence/docs,c980a75,2026-09-12T11:02:06+08:00,Prepare v0.5.0-rc.1 SDK bridge candidate and migration safeguards,c980a75,2026-09-12T11:02:06+08:00,Prepare v0.5.0-rc.1 SDK bridge candidate and migration safeguards
A,docs/upgrades/sdk-053-rehearsal-evidence/final-simulation-results.json,evidence/docs,c980a75,2026-09-12T11:02:06+08:00,Prepare v0.5.0-rc.1 SDK bridge candidate and migration safeguards,c980a75,2026-09-12T11:02:06+08:00,Prepare v0.5.0-rc.1 SDK bridge candidate and migration safeguards
A,docs/upgrades/sdk-053-rehearsal-evidence/final-unit-tests.log,evidence/docs,c980a75,2026-09-12T11:02:06+08:00,Prepare v0.5.0-rc.1 SDK bridge candidate and migration safeguards,c980a75,2026-09-12T11:02:06+08:00,Prepare v0.5.0-rc.1 SDK bridge candidate and migration safeguards
A,docs/upgrades/sdk-053-rehearsal-evidence/final-version.txt,evidence/docs,c980a75,2026-09-12T11:02:06+08:00,Prepare v0.5.0-rc.1 SDK bridge candidate and migration safeguards,c980a75,2026-09-12T11:02:06+08:00,Prepare v0.5.0-rc.1 SDK bridge candidate and migration safeguards
A,docs/upgrades/sdk-053-rehearsal-evidence/ibc-functional.log,evidence/docs,c980a75,2026-09-12T11:02:06+08:00,Prepare v0.5.0-rc.1 SDK bridge candidate and migration safeguards,c980a75,2026-09-12T11:02:06+08:00,Prepare v0.5.0-rc.1 SDK bridge candidate and migration safeguards
A,docs/upgrades/sdk-053-rehearsal-evidence/ibc-peer-received.json,evidence/docs,c980a75,2026-09-12T11:02:06+08:00,Prepare v0.5.0-rc.1 SDK bridge candidate and migration safeguards,c980a75,2026-09-12T11:02:06+08:00,Prepare v0.5.0-rc.1 SDK bridge candidate and migration safeguards
A,docs/upgrades/sdk-053-rehearsal-evidence/ibc-return-submit.json,evidence/docs,c980a75,2026-09-12T11:02:06+08:00,Prepare v0.5.0-rc.1 SDK bridge candidate and migration safeguards,c980a75,2026-09-12T11:02:06+08:00,Prepare v0.5.0-rc.1 SDK bridge candidate and migration safeguards
A,docs/upgrades/sdk-053-rehearsal-evidence/ibc-timeout-refund.json,evidence/docs,c980a75,2026-09-12T11:02:06+08:00,Prepare v0.5.0-rc.1 SDK bridge candidate and migration safeguards,c980a75,2026-09-12T11:02:06+08:00,Prepare v0.5.0-rc.1 SDK bridge candidate and migration safeguards
A,docs/upgrades/sdk-053-rehearsal-evidence/ica-functional.log,evidence/docs,c980a75,2026-09-12T11:02:06+08:00,Prepare v0.5.0-rc.1 SDK bridge candidate and migration safeguards,c980a75,2026-09-12T11:02:06+08:00,Prepare v0.5.0-rc.1 SDK bridge candidate and migration safeguards
A,docs/upgrades/sdk-053-rehearsal-evidence/ica-host-functional.log,evidence/docs,c980a75,2026-09-12T11:02:06+08:00,Prepare v0.5.0-rc.1 SDK bridge candidate and migration safeguards,c980a75,2026-09-12T11:02:06+08:00,Prepare v0.5.0-rc.1 SDK bridge candidate and migration safeguards
A,docs/upgrades/sdk-053-rehearsal-evidence/ica-host-fund-result.json,evidence/docs,c980a75,2026-09-12T11:02:06+08:00,Prepare v0.5.0-rc.1 SDK bridge candidate and migration safeguards,c980a75,2026-09-12T11:02:06+08:00,Prepare v0.5.0-rc.1 SDK bridge candidate and migration safeguards
A,docs/upgrades/sdk-053-rehearsal-evidence/ica-host-fund-submit.json,evidence/docs,c980a75,2026-09-12T11:02:06+08:00,Prepare v0.5.0-rc.1 SDK bridge candidate and migration safeguards,c980a75,2026-09-12T11:02:06+08:00,Prepare v0.5.0-rc.1 SDK bridge candidate and migration safeguards
A,docs/upgrades/sdk-053-rehearsal-evidence/ica-host-register-submit.json,evidence/docs,c980a75,2026-09-12T11:02:06+08:00,Prepare v0.5.0-rc.1 SDK bridge candidate and migration safeguards,c980a75,2026-09-12T11:02:06+08:00,Prepare v0.5.0-rc.1 SDK bridge candidate and migration safeguards
A,docs/upgrades/sdk-053-rehearsal-evidence/ica-host-send-submit.json,evidence/docs,c980a75,2026-09-12T11:02:06+08:00,Prepare v0.5.0-rc.1 SDK bridge candidate and migration safeguards,c980a75,2026-09-12T11:02:06+08:00,Prepare v0.5.0-rc.1 SDK bridge candidate and migration safeguards
A,docs/upgrades/sdk-053-rehearsal-evidence/ica-host-send-verified.json,evidence/docs,c980a75,2026-09-12T11:02:06+08:00,Prepare v0.5.0-rc.1 SDK bridge candidate and migration safeguards,c980a75,2026-09-12T11:02:06+08:00,Prepare v0.5.0-rc.1 SDK bridge candidate and migration safeguards
A,docs/upgrades/sdk-053-rehearsal-evidence/ica-host-wrong-signer-submit.json,evidence/docs,c980a75,2026-09-12T11:02:06+08:00,Prepare v0.5.0-rc.1 SDK bridge candidate and migration safeguards,c980a75,2026-09-12T11:02:06+08:00,Prepare v0.5.0-rc.1 SDK bridge candidate and migration safeguards
A,docs/upgrades/sdk-053-rehearsal-evidence/ica-send-verified.json,evidence/docs,c980a75,2026-09-12T11:02:06+08:00,Prepare v0.5.0-rc.1 SDK bridge candidate and migration safeguards,c980a75,2026-09-12T11:02:06+08:00,Prepare v0.5.0-rc.1 SDK bridge candidate and migration safeguards
A,docs/upgrades/sdk-053-rehearsal-evidence/ica-wrong-signer-recv.json,evidence/docs,c980a75,2026-09-12T11:02:06+08:00,Prepare v0.5.0-rc.1 SDK bridge candidate and migration safeguards,c980a75,2026-09-12T11:02:06+08:00,Prepare v0.5.0-rc.1 SDK bridge candidate and migration safeguards
A,docs/upgrades/sdk-053-rehearsal-evidence/ica-wrong-signer-verified.json,evidence/docs,c980a75,2026-09-12T11:02:06+08:00,Prepare v0.5.0-rc.1 SDK bridge candidate and migration safeguards,c980a75,2026-09-12T11:02:06+08:00,Prepare v0.5.0-rc.1 SDK bridge candidate and migration safeguards
A,docs/upgrades/sdk-053-rehearsal-evidence/legacy-assets-boundary.json,evidence/docs,c980a75,2026-09-12T11:02:06+08:00,Prepare v0.5.0-rc.1 SDK bridge candidate and migration safeguards,c980a75,2026-09-12T11:02:06+08:00,Prepare v0.5.0-rc.1 SDK bridge candidate and migration safeguards
A,docs/upgrades/sdk-053-rehearsal-evidence/legacy-assets-current.json,evidence/docs,c980a75,2026-09-12T11:02:06+08:00,Prepare v0.5.0-rc.1 SDK bridge candidate and migration safeguards,c980a75,2026-09-12T11:02:06+08:00,Prepare v0.5.0-rc.1 SDK bridge candidate and migration safeguards
A,docs/upgrades/sdk-053-rehearsal-evidence/legacy-assets-verification.json,evidence/docs,c980a75,2026-09-12T11:02:06+08:00,Prepare v0.5.0-rc.1 SDK bridge candidate and migration safeguards,c980a75,2026-09-12T11:02:06+08:00,Prepare v0.5.0-rc.1 SDK bridge candidate and migration safeguards
A,docs/upgrades/sdk-053-rehearsal-evidence/legacy-channel-inventory.json,evidence/docs,c980a75,2026-09-12T11:02:06+08:00,Prepare v0.5.0-rc.1 SDK bridge candidate and migration safeguards,c980a75,2026-09-12T11:02:06+08:00,Prepare v0.5.0-rc.1 SDK bridge candidate and migration safeguards
A,docs/upgrades/sdk-053-rehearsal-evidence/legacy-client-status.json,evidence/docs,c980a75,2026-09-12T11:02:06+08:00,Prepare v0.5.0-rc.1 SDK bridge candidate and migration safeguards,c980a75,2026-09-12T11:02:06+08:00,Prepare v0.5.0-rc.1 SDK bridge candidate and migration safeguards
A,docs/upgrades/sdk-053-rehearsal-evidence/legacy-nft-current.json,evidence/docs,c980a75,2026-09-12T11:02:06+08:00,Prepare v0.5.0-rc.1 SDK bridge candidate and migration safeguards,c980a75,2026-09-12T11:02:06+08:00,Prepare v0.5.0-rc.1 SDK bridge candidate and migration safeguards
A,docs/upgrades/sdk-053-rehearsal-evidence/migration-crash-recovery.json,evidence/docs,c980a75,2026-09-12T11:02:06+08:00,Prepare v0.5.0-rc.1 SDK bridge candidate and migration safeguards,c980a75,2026-09-12T11:02:06+08:00,Prepare v0.5.0-rc.1 SDK bridge candidate and migration safeguards
A,docs/upgrades/sdk-053-rehearsal-evidence/missing-plan-cold-cache-restart.json,evidence/docs,c980a75,2026-09-12T11:02:06+08:00,Prepare v0.5.0-rc.1 SDK bridge candidate and migration safeguards,c980a75,2026-09-12T11:02:06+08:00,Prepare v0.5.0-rc.1 SDK bridge candidate and migration safeguards
A,docs/upgrades/sdk-053-rehearsal-evidence/node3-cold-cache-query.json,evidence/docs,c980a75,2026-09-12T11:02:06+08:00,Prepare v0.5.0-rc.1 SDK bridge candidate and migration safeguards,c980a75,2026-09-12T11:02:06+08:00,Prepare v0.5.0-rc.1 SDK bridge candidate and migration safeguards
A,docs/upgrades/sdk-053-rehearsal-evidence/recovery-archive.sha256,evidence/docs,c980a75,2026-09-12T11:02:06+08:00,Prepare v0.5.0-rc.1 SDK bridge candidate and migration safeguards,c980a75,2026-09-12T11:02:06+08:00,Prepare v0.5.0-rc.1 SDK bridge candidate and migration safeguards
A,docs/upgrades/sdk-053-rehearsal-evidence/review5-final-build.log,evidence/docs,c980a75,2026-09-12T11:02:06+08:00,Prepare v0.5.0-rc.1 SDK bridge candidate and migration safeguards,c980a75,2026-09-12T11:02:06+08:00,Prepare v0.5.0-rc.1 SDK bridge candidate and migration safeguards
A,docs/upgrades/sdk-053-rehearsal-evidence/semantic-checks.json,evidence/docs,c980a75,2026-09-12T11:02:06+08:00,Prepare v0.5.0-rc.1 SDK bridge candidate and migration safeguards,c980a75,2026-09-12T11:02:06+08:00,Prepare v0.5.0-rc.1 SDK bridge candidate and migration safeguards
A,docs/upgrades/sdk-053-rehearsal-evidence/source-match-verified.json,evidence/docs,c980a75,2026-09-12T11:02:06+08:00,Prepare v0.5.0-rc.1 SDK bridge candidate and migration safeguards,c980a75,2026-09-12T11:02:06+08:00,Prepare v0.5.0-rc.1 SDK bridge candidate and migration safeguards
A,docs/upgrades/sdk-053-rehearsal-evidence/test-contract.json,evidence/docs,c980a75,2026-09-12T11:02:06+08:00,Prepare v0.5.0-rc.1 SDK bridge candidate and migration safeguards,c980a75,2026-09-12T11:02:06+08:00,Prepare v0.5.0-rc.1 SDK bridge candidate and migration safeguards
A,docs/upgrades/sdk-053-rehearsal-evidence/upgrade-proposal-result.json,evidence/docs,c980a75,2026-09-12T11:02:06+08:00,Prepare v0.5.0-rc.1 SDK bridge candidate and migration safeguards,c980a75,2026-09-12T11:02:06+08:00,Prepare v0.5.0-rc.1 SDK bridge candidate and migration safeguards
A,docs/upgrades/sdk-053-rehearsal-evidence/upgrade-proposal-submit.json,evidence/docs,c980a75,2026-09-12T11:02:06+08:00,Prepare v0.5.0-rc.1 SDK bridge candidate and migration safeguards,c980a75,2026-09-12T11:02:06+08:00,Prepare v0.5.0-rc.1 SDK bridge candidate and migration safeguards
A,docs/upgrades/sdk-053-rehearsal-evidence/upgrade-vote-result.json,evidence/docs,c980a75,2026-09-12T11:02:06+08:00,Prepare v0.5.0-rc.1 SDK bridge candidate and migration safeguards,c980a75,2026-09-12T11:02:06+08:00,Prepare v0.5.0-rc.1 SDK bridge candidate and migration safeguards
A,docs/upgrades/sdk-053-rehearsal-evidence/upgrade-vote-submit.json,evidence/docs,c980a75,2026-09-12T11:02:06+08:00,Prepare v0.5.0-rc.1 SDK bridge candidate and migration safeguards,c980a75,2026-09-12T11:02:06+08:00,Prepare v0.5.0-rc.1 SDK bridge candidate and migration safeguards
A,docs/upgrades/sdk-053-rehearsal-evidence/v044-contract-smart.json,evidence/docs,c980a75,2026-09-12T11:02:06+08:00,Prepare v0.5.0-rc.1 SDK bridge candidate and migration safeguards,c980a75,2026-09-12T11:02:06+08:00,Prepare v0.5.0-rc.1 SDK bridge candidate and migration safeguards
A,docs/upgrades/sdk-053-rehearsal-evidence/v044-delegate-result.json,evidence/docs,c980a75,2026-09-12T11:02:06+08:00,Prepare v0.5.0-rc.1 SDK bridge candidate and migration safeguards,c980a75,2026-09-12T11:02:06+08:00,Prepare v0.5.0-rc.1 SDK bridge candidate and migration safeguards
A,docs/upgrades/sdk-053-rehearsal-evidence/v044-delegate-submit.json,evidence/docs,c980a75,2026-09-12T11:02:06+08:00,Prepare v0.5.0-rc.1 SDK bridge candidate and migration safeguards,c980a75,2026-09-12T11:02:06+08:00,Prepare v0.5.0-rc.1 SDK bridge candidate and migration safeguards
A,docs/upgrades/sdk-053-rehearsal-evidence/v044-send-result.json,evidence/docs,c980a75,2026-09-12T11:02:06+08:00,Prepare v0.5.0-rc.1 SDK bridge candidate and migration safeguards,c980a75,2026-09-12T11:02:06+08:00,Prepare v0.5.0-rc.1 SDK bridge candidate and migration safeguards
A,docs/upgrades/sdk-053-rehearsal-evidence/v044-send-submit.json,evidence/docs,c980a75,2026-09-12T11:02:06+08:00,Prepare v0.5.0-rc.1 SDK bridge candidate and migration safeguards,c980a75,2026-09-12T11:02:06+08:00,Prepare v0.5.0-rc.1 SDK bridge candidate and migration safeguards
A,docs/upgrades/sdk-053-rehearsal-evidence/v044-wasm-instantiate-result.json,evidence/docs,c980a75,2026-09-12T11:02:06+08:00,Prepare v0.5.0-rc.1 SDK bridge candidate and migration safeguards,c980a75,2026-09-12T11:02:06+08:00,Prepare v0.5.0-rc.1 SDK bridge candidate and migration safeguards
A,docs/upgrades/sdk-053-rehearsal-evidence/v044-wasm-instantiate-submit.json,evidence/docs,c980a75,2026-09-12T11:02:06+08:00,Prepare v0.5.0-rc.1 SDK bridge candidate and migration safeguards,c980a75,2026-09-12T11:02:06+08:00,Prepare v0.5.0-rc.1 SDK bridge candidate and migration safeguards
A,docs/upgrades/sdk-053-rehearsal-evidence/v044-wasm-store-result.json,evidence/docs,c980a75,2026-09-12T11:02:06+08:00,Prepare v0.5.0-rc.1 SDK bridge candidate and migration safeguards,c980a75,2026-09-12T11:02:06+08:00,Prepare v0.5.0-rc.1 SDK bridge candidate and migration safeguards
A,docs/upgrades/sdk-053-rehearsal-evidence/v044-wasm-store-submit.json,evidence/docs,c980a75,2026-09-12T11:02:06+08:00,Prepare v0.5.0-rc.1 SDK bridge candidate and migration safeguards,c980a75,2026-09-12T11:02:06+08:00,Prepare v0.5.0-rc.1 SDK bridge candidate and migration safeguards
A,docs/upgrades/sdk-053-snapshot-upgrade-2026-09-11.md,evidence/docs,c980a75,2026-09-12T11:02:06+08:00,Prepare v0.5.0-rc.1 SDK bridge candidate and migration safeguards,c980a75,2026-09-12T11:02:06+08:00,Prepare v0.5.0-rc.1 SDK bridge candidate and migration safeguards
A,docs/upgrades/snapshot-rehearsal-2026-09-11.md,evidence/docs,c980a75,2026-09-12T11:02:06+08:00,Prepare v0.5.0-rc.1 SDK bridge candidate and migration safeguards,c980a75,2026-09-12T11:02:06+08:00,Prepare v0.5.0-rc.1 SDK bridge candidate and migration safeguards
M,go.mod,build/release,6d03e3b,2026-08-13T19:00:55+08:00,feat: add sdk v0.53 upgrade bridge,c980a75,2026-09-12T11:02:06+08:00,Prepare v0.5.0-rc.1 SDK bridge candidate and migration safeguards
M,go.sum,build/release,6d03e3b,2026-08-13T19:00:55+08:00,feat: add sdk v0.53 upgrade bridge,6d03e3b,2026-08-13T19:00:55+08:00,feat: add sdk v0.53 upgrade bridge
A,scripts/build-bridge-release.sh,build/release,c980a75,2026-09-12T11:02:06+08:00,Prepare v0.5.0-rc.1 SDK bridge candidate and migration safeguards,c74cb37,2026-09-12T11:08:52+08:00,Fix RC container build VCS stamping with explicit commit metadata
M,testutil/network/network.go,tests,6d03e3b,2026-08-13T19:00:55+08:00,feat: add sdk v0.53 upgrade bridge,6d03e3b,2026-08-13T19:00:55+08:00,feat: add sdk v0.53 upgrade bridge
M,types/precision.go,node/CLI,6d03e3b,2026-08-13T19:00:55+08:00,feat: add sdk v0.53 upgrade bridge,6d03e3b,2026-08-13T19:00:55+08:00,feat: add sdk v0.53 upgrade bridge
